1291,1423,1292,1326,1405,1322,1342,1335,1339,1336,1197,1201,1199,1378,1294,1380,1382,1392,1314,1315,1303,1260,1393,1261,1259,1302,1318,1312,1319,1310,1379,1381,1293,1377,1198,1200,1196,1337,1338,1340,1341,1321,1406,1325,1292,1424,1291
1291,1270,1243,1189,1286,1369,1334,1275,1309,1372,1191,1345,1187,1207,1327,1290,1368,1251,1244,1271,1291
74,157,126,866,129,454,772,85,507,514,511,512,338,912
928,337,714,513,508,506,83,773,455,631,128,166,111,73
74,157,126,866,129,454,772,84,935,510,504,246,765,44,69,872,232,249,362,464,849,846,683,681,742,366,534,537,64,1343,1370,1313,1315,1306,1304,1316,1319,1310,1379,1381,1293,1377,1198,1402,1396,1403,1200,1196,1337,1338,1340,1341,1321,1406,1325,1292,1424,1291
928,630,298,555,150,911,910,801,44,543,41,39,467,869,909,1054,908,179,871,786,233,916,503,807,133,702,907,346,1147,345,389,287,384,289,377,587,136,699,701,808,870,178,917,1053,918,468,40,42,800,43,799,802,941,929,151,556,912
1291,1423,1292,1326,1405,1322,1342,1335,1339,1336,1197,1402,1396,1403,1201,1199,1378,1294,1380,1382,1320,1317,1305,1307,1318,1311,1214,1344,65,538,536,367,743,682,684,847,856,848,461,723,535,79,868,68,43,799,764,247,505,509,83,773,455,631,128,166,111,73
1291,1423,1292,1184,1182,1180,1185,1223,1221,1279,1277,1404,1391,1229,1388,1281,1283,1409,1227,1389,1323,1324,1390,1226,1408,1282,1280,1387,1228,1287,1386,1401,1276,1278,1220,1222,1186,1179,1181,1183,1292,1424,1291
1291,1270,1243,1252,1178,1284,1212,1206,1177,1346,1190,1193,1219,1371,1285,1188,1244,1271,1291
1291,1423,1292,1184,1182,1180,1185,1223,1221,1279,1277,1404,1391,1229,1298,1296,1233,1239,1240,1273,1272,1176,1241,1238,1232,1295,1297,1228,1287,1386,1401,1276,1278,1220,1222,1186,1179,1181,1183,1292,1424,1291
1291,1423,1292,1415,1185,1223,1221,1279,1277,1288,1414,1289,1213,1276,1278,1220,1222,1416,1292,1424,1291
1291,1420,1225,1172,1231,1252,1249,1250,1248,1251,1230,1308,1224,1421,1291
1291,1423,1292,1415,1185,1223,1221,1279,1277,1410,1411,1413,1412,1276,1278,1220,1222,1416,1292,1424,1291
74,157,126,866,129,454,772,84,935,510,504,246,765,44,69,872,232,249,362,464,849,846,683,681,742,366,534,537,64,1343,1370,1313,1315,1306,1304,1316,1319,1310,1379,1381,1293,1377,1198,1200,1196,1337,1338,1340,1341,1321,1406,1325,1292,1424,1291
1291,1423,1292,1326,1405,1322,1342,1335,1339,1336,1197,1201,1199,1378,1294,1380,1320,1317,1305,1307,1318,1311,1214,1344,65,538,536,367,743,682,684,847,856,848,461,723,535,79,868,68,43,799,764,247,505,509,83,773,455,631,128,166,111,73
74,157,126,866,129,454,772,84,935,510,504,246,765,44,69,777,302,468,740,397,48,982,343,345,389,380,626,588,144,1020,158,1328,1234,1208,1210,1301,1238,1232,1295,1297,1228,1287,1386,1401,1276,1278,1220,1222,1186,1179,1181,1183,1247,1292,1424,1291
74,157,126,866,129,454,772,84,935,510,504,246,765,44,69,777,302,468,740,397,48,300,982,343,345,389,380,626,588,144,1020,158,1328,1236,1238,1232,1295,1297,1228,1287,1386,1401,1276,1278,1220,1222,1186,1179,1181,1183,1292,1424,1291
1291,1423,1292,1184,1182,1180,1185,1223,1221,1279,1277,1404,1391,1229,1298,1296,1233,1239,1237,1329,169,1021,145,587,627,381,388,346,344,981,299,49,398,741,467,301,776,68,43,799,764,247,505,509,83,773,455,631,128,166,111,73
74,157,126,866,129,454,772,84,935,510,504,246,765,44,69,777,302,468,740,397,48,300,982,343,345,389,380,626,588,144,1020,158,1328,1236,1238,1232,1295,1297,1228,1287,1386,1401,1276,1278,1220,1222,1181,1183,1291
74,157,126,866,129,454,772,84,935,510,504,246,666,46,47,48,300,982,343,345,389,380,626,588,144,1020,158,1328,1236,1238,1232,1295,1297,1228,1287,1386,1401,1276,1278,1220,1222,1186,1179,1181,1183,1247,1292,1424,1291
1291,1423,1292,1184,1182,1180,1185,1223,1221,1279,1277,1404,1391,1229,1298,1296,1233,1239,1237,1329,169,1021,145,587,627,381,388,346,344,981,299,49,398,741,467,301,776,68,43,799,764,247,505,509,83,773,455,631,128,166,111,73
1291,1423,1292,1184,1182,1180,1185,1223,1221,1279,1277,1404,1391,1229,1298,1296,1233,1239,1202,1211,1209,1235,1329,169,1021,145,587,627,381,388,346,344,981,299,49,398,741,467,301,776,68,43,799,764,247,505,509,83,773,455,631,128,166,111,73
74,157,126,866,129,454,772,85,510,504,246,765,44,69,777,302,468,740,767,973,547,519,502,426,234,898,1313,1315,1306,1304,1316,1319,1310,1379,1381,1293,1377,1198,1402,1395
1396,1403,1201,1199,1378,1294,1380,1382,1320,1317,1305,1307,1318,1311,1214,899,233,427,503,520,548,803,229,741,467,301,776,68,43,799,764,247,505,509,83,773,455,631,128,166,111,73
74,157,126,866,129,454,772,85,510,504,246,765,44,69,777,302,468,740,767,973,547,519,502,426,234,898,1370,1313,1315,1306,1304,1316,1319,1310,1379,1381,1293,1377,1198,1402,1395
1396,1403,1201,1199,1378,1294,1380,1382,1320,1317,1305,1307,1318,1311,1214,899,233,427,503,520,548,803,229,741,467,301,776,68,43,799,764,247,505,509,83,773,455,631,128,166,111,73
73,647,281,672,673,66,1170
1170,691,674,671,282,648,74
316,312,314,307,819,394,211,205,805,436,202,419,223,722,203,962,648,74,157,126,783,763,457,479,238,85,507,514,511,512,338,340,334,336,555,150,432,777,302,468,40,42,800,43,799,802,141,337,714,513,508,506,83,237,478,456,782,166,111,73
74,157,126,783,763,457,479,238,85,507,514,511,512,338,340,334,336,555,150,432,777,302,468,40,42,800,43,799,802,141,337,714,513,508,506,83,237,478,456,782,166,111,73,647,645,212,62,224,70,86,651,176,649,271,17,759,760,18,272,650,392,818,546,315,313,316
74,157,126,783,763,457,479,238,85,507,514,511,512,338,340,334,336,555,150,432,777,302,468,40,42,800,43,799,802,141,337,714,513,508,506,83,237,478,456,782,166,111,73
74,157,126,783,763,457,479,238,85,510,504,246,892,836,300,982,343,385,382,386,378,628,144,1020,167,517,1262,1419,1234,1208,1210,1301,1240,1175,1242,1299
74,157,126,783,763,457,479,238,85,510,504,246,892,836,300,982,343,385,382,386,378,628,144,1020,167,517,1262,1419,1234,1208,1210,1301,1240,1175,1242,1299,1397,1398
1300,1373,1176,1241,1202,1211,1209,1235,1418,1263,518,168,169,1021,145,629,379,387,383,347,344,981,299,837,45,667,247,505,509,83,237,478,456,782,166,111,73
1399,1400,1300,1373,1176,1241,1202,1211,1209,1235,1418,1263,518,168,169,1021,145,629,379,387,383,347,344,981,299,837,45,667,247,505,509,83,237,478,456,782,166,111,73
74,157,126,783,763,457,479,280,369,1140,510,504,246,666,46,47,48,300,982,343,345,389,287,384,289,377,587,703,134,583
583,133,702,588,376,286,288,388,346,344,981,299,837,45,667,247,505,509,368,279,478,456,782,166,111,73
74,157,126,866,129,454,772,84,935,510,504,246,765,44,543,41,39,740,767,973,547,519,502,426,133,702,588,144,1020,158,1328,1236,1238,1232,1295,1297,1388,1281,1283,1409,1227,1389,1323
74,157,126,866,129,454,772,84,935,510,504,246,765,44,543,41,39,740,767,973,547,519,502,426,133,702,588,144,1020,158,1328,1234,1208,1210,1301,1240,1175,1384,1273,1272,1176,1241,1238,1232,1295,1297,1388,1281,1283,1409,1227,1389,1323
1324,1390,1226,1408,1282,1280,1387,1298,1296,1233,1239,1240,1175,1384,1273,1272,1176,1241,1202,1211,1209,1235,1329,169,1021,145,587,703,134,427,503,520,548,803,229,741,40,42,800,43,799,764,247,505,509,83,773,455,631,128,166,111,73
416,33,572,570,522,27,35,37,551,809,320,318,29,446,273,153,275,732,736,130,734,738,731,643,166,111,73
76,157,644,730,739,735,131,737,733,276,154,274,30,319,321,810,552,38,36,28,523,571,573,34,416
416,33,572,570,522,27,35,37,551,809,320,318,29,446,273,153,975,275,732,736,130,734,738,731,643,166,111,73
76,157,644,730,739,735,131,737,733,276,975,154,274,30,319,321,810,552,38,36,28,523,571,573,34,416
416,33,572,570,522,27,35,37,551,809,320,318,29,446,273,153,275,732,736,130,734,738,731,643,166,111,73
76,157,126,783,763,331,822,477,238,84,25,730,739,735,131,737,733,276,154,274,30,319,321,810,552,38,36,28,523,571,573,34,416
416,33,572,570,522,27,35,37,551,809,320,318,29,446,273,153,275,732,736,130,734,738,731,132,26,83,237,476,458,332,782,166,111,73
416,33,572,570,522,27,35,37,551,809,320,318,29,446,980,760,18,272,650,177,652,87,116,201,63,213,646,648,74
73,647,645,212,62,224,70,86,651,176,649,271,17,759,1019,30,319,321,810,552,38,36,28,523,571,573,34,416
416,33,572,570,522,27,35,37,551,809,320,318,29,446,980,760,18,272,650,392,818,308,945,946,306,419,223,722,203,962,648,74
73,647,961,202,721,222,420,305,943,944,309,819,393,649,271,17,759,1019,30,319,321,810,552,38,36,28,523,571,573,34,416
75,647,206,881,310,744,715,60,1535,1432,1494,1487,1491,1493,1483,1530,1524,1513,1525,1531,1484,1508,1492,1490,1489,1559,1497,1498,1453,1463,1502,1501,1503,1462,1431,1459,285,526,859,858,861,1083,857,1082,862,32,775,174,1157,522,27,35,37,38,36,28,523,571,573,34,416
416,33,572,570,522,27,35,37,38,36,28,523,1156,774,31,860,1083,857,1082,862,1096,525,284,1458,1430,1461,1451,1496,1558,1560,1488,1495,1433,789,58,716,745,311,880,208,648,74
416,33,572,570,522,27,35,37,38,36,28,523,1156,774,31,860,1096,525,284,1458,1430,1461,1451,1496,1558,1560,1488,1495,1433,789,58,716,745,311,880,208,648,74,76
75,647,206,881,310,744,715,60,1535,1432,1494,1489,1559,1497,1498,1453,1463,1431,1459,285,526,859,858,861,32,775,174,1157,522,27,35,37,38,36,28,523,571,573,34,416
76,157,644,730,739,735,131,733,276,975,154,274,30,319,321,16,1097,816
816,1098,1099,15,320,318,29,446,273,153,975,275,732,736,130,734,738,643,166,111,73
76,157,126,644,730,739,735,131,737,733,276,154,274,277,1165,1167,1169,577,579,816
816,578,576,1168,1166,1164,445,273,153,275,732,736,130,734,738,731,643,166,111,73
74,157,126,783,763,457,479,238,85,510,504,246,765,44,69,872,232,249,362,464,365,747,679,750,676,101,97,98
98,93,102,677,751,758,748,680,678,461,723,535,79,868,68,43,799,764,247,505,509,83,237,478,456,782,166,111,73
74,157,126,783,763,331,951,239,624,784,825,829,833,832,824,822,477,238,85,510,504,246,765,44,69,872,232,249,362,464,365,682,684,847,855,853,843,845,850
851,844,842,852,854,846,683,681,678,461,723,535,79,868,68,43,799,764,247,505,509,83,237,476,458,823,831,828,830,826,785,625,283,332,782,166,111,73
74,157,126,783,763,331,951,239,624,784,825,829,475,834,833,832,824,822,477,280,363,120,939,348,1147,981,299,49,398,741,467,301,776,872,720,232,249,362,464,365,682,684,847,855,853,843,845,850
74,157,126,866,129,454,772,85,507,514,511,512,338,140,801,44,69,872,923,729,922,743,682,684,847,855,853,843,845,850
851,844,842,852,854,846,683,681,742,970,79,868,68,43,799,802,141,337,714,513,508,506,83,773,455,631,128,166,111,73
74,157,126,783,763,457,479,280,363,120,939,348,1147,981,299,49,398,741,467,301,776,872,720,232,249,362,464,365,682,684,847,855,853,843,845,850
851,844,842,852,854,846,683,681,678,461,723,535,79,720,868,777,302,468,740,397,48,300,982,1148,349,940,121,364,368,279,478,456,782,166,111,73
74,157,126,866,129,454,772,85,510,504,246,765,44,69,872,923,729,922,743,682,684,847,855,853,843,845,850
851,844,842,852,854,846,683,681,742,970,79,868,68,43,799,764,247,505,509,83,773,455,631,128,166,111,73
74,157,126,866,129,454,772,85,510,504,246,765,44,69,872,232,249,362,464,365,682
681,678,461,723,535,79,868,68,43,799,764,247,505,509,83,773,455,631,128,166,111,73
74,157,126,866,129,454,772,85,507,514,511,512,338,340,334,336,555,150,432,872,232,249,362,464,365,682,684,847,855,853,843,845,850
851,844,842,852,854,846,683,681,678,461,723,535,79,868,1111,151,556,335,333,339,337,714,513,508,506,83,773,455,631,128,166,111,73
74,157,126,783,763,331,951,239,624,784,825,829,833,832,824,822,477,238,85,510,504,246,765,44,69,872,232,249,362,464,365,682,684,847,855,853,843,845,850
851,844,842,852,854,846,683,681,678,461,723,535,79,868,68,43,799,764,247,505,509,83,237,476,458,823,831,828,830,826,785,625,283,332,782,166,111,73
74,157,126,783,763,457,479,238,85,507,514,511,512,338,912,340,334,336,555,150,432,872,232,249,362,464,849,846,683,681,747,679,14,749,753,675,94,95,96,99,897,98,93,102,677,746,752,686,748,406,685,681,678,461,723,535,79,868,68,43,799,764,247,505,509,83,237,476,458,823,831,828,830,826,785,625,283,332,782,166,111,73
74,157,126,783,763,457,479,238,85,510,504,246,765,44,69,872,232,249,362,464,849,846,683,681,747,679,14,749,753,675,94,95,96,99,897,98,93,102,677,746,752,686,748,406,685,681,678,461,723,535,79,868,68,43,799,764,247,505,509,83,237,478,456,782,166,111,73
74,157,126,783,763,457,479,238,85,510,504,246,892,49,398,741,467,301,776,872,232,249,362,464,849,846,683,681,747,679,14,749,753,675,94,95,96,99,897,98,93,102,677,746,752,686,748,406,685,681,678,461,723,535,79,868,777,302,468,740,397,48,837,45,667,247,505,509,83,237,478,456,782,166,111,73
74,157,126,783,763,457,479,238,85,507,514,511,512,338,340,334,336,555,539,529,122,124
124,123,1026,530,540,556,335,333,339,337,714,513,508,506,83,237,478,456,782,166,111,73
74,157,126,783,763,457,479,238,85,507,514,511,512,338,340,334,336,555,539,529,122,124,123,601,595,4,361,821,1,6,950,170
170,5,0,820,360,2,596,483,602,122,124,123,1026,530,540,556,335,333,339,928,337,714,513,508,506,83,237,478,456,782,166,111,73
74,157,126,783,763,331,951,239,624,784,825,829,833,832,824,757,291,460,474,364,369,1140,507,514,511,512,338,340,334,336,555,539,529,122,124,123,601,595,4,361,821,1,6,950,170
170,5,0,820,360,2,596,483,602,122,123,1026,530,540,556,335,333,339,337,714,513,508,506,806,363,473,459,290,756,823,831,828,830,826,785,625,283,332,782,166,111,73
74,157,126,866,129,454,772,85,510,504,246,765,44,1111,151,539,529,122,124,123,601,595,4,598,431,591,599,594,590,600,593,592,1036,1034,991,993,1033,995,979,1017,976,1129,1039,985,719,717,55,51,53,270,577,579,816
816,578,576,268,269,52,50,54,1126,240,718,984,1038,1130,977,996,974,994,1032,992,990,1035,1037,591,599,594,590,600,593,592,597,2,596,483,602,122,124,123,1026,530,540,150,432,68,43,799,764,247,505,509,83,773,455,631,128,166,111,73
74,157,126,866,129,454,772,85,507,514,511,512,338,1031,997,529,122,124,123,601,595,4,361,894,920,488,486,978,987,1038,414,885,705,664,23,24,21,22,886,374,265,793,791,713
713,792,798,794,266,375,887,23,24,21,665,707,884,415,1039,986,968,485,487,919,1080,914,915,360,2,596,483,602,122,124,123,1026,530,1059,337,714,513,508,506,83,773,455,631,128,166,111,73
74,157,126,866,129,454,772,85,507,514,511,512,338,1031,997,529,122,124,123,601,595,4,361,821,1,6,950,948,956,549,695,697,708,709,711,1041,796,795,791,713
713,792,798,794,873,1042,710,704,706,696,694,550,955,766,949,80,170,5,0,820,360,2,596,483,602,122,124,123,1026,530,1059,337,714,513,508,506,83,773,455,631,128,166,111,73
74,157,126,783,763,457,479,238,85,507,514,511,512,338,912,340,334,336,555,539,529,889,1141,531
531,1142,888,530,540,556,335,333,339,928,337,714,513,508,506,83,237,478,456,782,166,111,73
74,157,126,866,129,454,772,85,510,504,246,765,44,1111,151,539,529,122,124,123,601,595,4,361,894,893,960,1,6,950,948,956,959
521,236,955,766,949,80,170,5,0,811,623,914,915,360,2,596,483,602,122,124,123,1026,530,540,150,432,68,43,799,764,247,505,509,83,773,455,631,128,166,111,73
74,157,126,866,129,454,772,85,507,514,511,512,338,912,340,334,336,555,539,529,122,124,123,601,595,4,361,821,811,623,920,488,486,978,979,1017,976,1129,414,885,705,664,23,24
24,21,665,707,884,415,1130,977,996,974,968,485,487,919,1080,960,820,360,2,596,483,602,122,124,123,1026,530,540,556,335,333,339,928,337,714,513,508,506,83,773,455,631,128,166,111,73
316,312,314,307,958,819,394,211,205,805,436,209,200,67,969,643,166,111,73,647,961,435,804,204,210,1128,818,957,546,315,313,316
316,312,314,421,309,819,393,177,652,87,116,201,63,67,969,643,166,111,73,647,645,212,62,224,70,86,651,176,392,818,308,422,315,313,316
419,223,722,203,962,281,672,673,66
316,312,314,421,309,819,394,211,205,805,436,209,67,969,643,166,111,73,647,961,202,721,222,420,203,209,62,224,70,86,651,176,392,818,308,422,315,313,316
316,312,314,307,958,819,394,211,205,805,436,202,419,223,722,203,209,62,224,70,86,651,176,649,271,17,759,1019,273,153,975,154,274,980,760,18,272,650,177,652,87,116,201,63,245,207,202,721,222,420,203,435,804,204,210,1128,818,957,546,315,313,316
316,312,314,421,309,819,394,211,205,805,436,209,200,67,969,643,166,111,73,647,961,435,804,204,210,1128,818,308,422,315,313,316
316,312,314,421,945,946,306,419,223,722,203,962,648,74,157,644,132,26,631,128,166,111,73,647,961,202,721,222,420,305,943,944,422,315,313,316
316,312,314,307,958,819,393,177,652,87,116,201,63,213,646,648,74,157,126,783,763,331,951,239,624,784,825,829,833,832,824,822,477,238,85,510,504,246,666,46,47,48,837,45,667,247,505,509,83,237,476,458,823,831,828,830,826,785,625,283,332,782,166,111,73,647,645,212,62,224,70,86,651,176,392,818,957,546,315,313,316
316,312,314,307,958,819,394,211,205,805,436,202,419,223,722,203,962,648,74,157,126,783,763,457,479,238,85,507,514,511,512,338,140,801,764,666,46,47,48,837,45,667,247,505,906,141,337,714,513,508,506,83,237,478,456,782,166,111,73,647,961,202,721,222,420,203,435,804,204,210,1128,818,957,546,315,313,316
975,154,980,760,18,272,650,177,652,87,116,201,63,67,969,643,166,111,73,647,645,212,62,224,70,86,651,176,649,271,17,759,1019,277,90
643,166,111,73,647,645,212,62,224,70,86,651,176,649,271,17,759,1019,273,153,975
92,278,445,980,760,18,272,650,177,652,87,116,201,63,67,969,643,166,111,73,647,645,212,62,224,70,86,651,176,649,271,17,759,1019,273,153,975
975,154,274,980,760,18,272,650,177,652,87,116,201,63,67,969,643,166,111,73,647,645,212,62,224,70,86,651,176,649,271,17,759,1019,273,153,975
975,154,980,760,18,272,650,177,652,87,116,201,63,67,969,643,166,111,73
177,652,87,116,201,63,213,646,648,76,157,126,866,129,454,772,84,25,730,739,735,131,737,733,276,154,274,277,444,91,163,1155,165,164,90,56
56,92,57,443,278,445,273,153,275,732,736,130,734,738,731,132,26,83,773,455,631,128,166,111,73,647,645,212,62,224,70,86,651,176
76,157,126,866,129,454,772,84,25,730,739,1138,1127,953,248,165,164,90,57,443,1165,1167,163,1155,738,731,132,26,83,773,455,631,128,166,111,73
74,157,126,866,129,454,772,84,25,730,739,1138,248,165,164,90,57,443,1165,1167,163,1155,1127,953,738,731,132,26,83,773,455,631,128,166,111,73
76,157,644,730,739,735,131,737,733,276,154,274,277,163,1155,165,164,90,56
56,92,57,443,445,273,153,275,732,736,130,734,738,731,643,166,111,73
76,157,126,866,129,454,772,84,25,730,739,735,131,737,733,276,154,274,277,444,163,1155,165,164,90,56
56,57,443,278,445,273,153,275,732,736,130,734,738,731,132,26,83,773,455,631,128,166,111,73
316,312,314,421,945,946,306,419,223,722,203,962,648,74,157,126,137,214,72,19,712,127,125,20,71,215,138,166,111,73,647,961,202,721,222,420,305,943,944,422,315,313,316
965,325,326,323,943,944,422,307,958,308,945,946,306,419,223,722,203,962,648,74,157,126,137,214,72,19,712,127
127,125,20,71,215,138,166,111,73,647,961,202,721,222,420,305,943,944,309,957,546,421,945,946,322,327,324,999,965
74,157,126,137,214,72,19,712,127
127,125,20,71,215,138,166,111,73
965,325,326,323,306,419,223,722,203,962,648,74,157,126,137,214,72,19,712,127
127,125,20,71,215,138,166,111,73,647,961,202,721,222,420,305,322,327,324,999,965
76,157,644,212,62,224,70,86,651,176,972,1040,1055,1136,172,1157,522,27,35,37,551,809,320,318,29,446,273,153,275,732,736,130,734,738,731,643,166,111,73
76,157,644,730,739,735,131,737,733,276,154,274,30,319,321,810,552,38,36,28,523,1156,173,171,1137,1058,175,971,177,652,87,116,201,63,213,643,166,111,73
76,157,126,783,763,457,479,238,84,25,730,739,735,131,737,733,276,975
975,275,732,736,130,734,738,731,132,26,83,237,478,456,782,166,111,73
851,844,842,852,854,846,683,681,747,679,14,749,753,675,94,95,96,93,102,677,746,752,913,686,748,680,682,684,847,855,853,843,845,850
851,844,842,852,854,846,683,681,747,679,14,749,753,675,94,95,96,99,106,104,100,491,952,492,103,105,98,93,102,677,746,752,913,686,748,680,682,684,847,855,853,843,845,850
851,844,842,852,854,846,683,681,747,679,14,749,753,675,94,95,96,93,102,677,746,752,686,748,680,682,684,847,855,853,843,845,850
851,844,842,852,854,846,683,681,747,679,14,749,753,675,94,95,96,99,106,104,100,491,952,492,103,105,98,93,102,677,746,752,686,748,680,682,684,847,855,853,843,845,850
851,844,842,852,854,846,683,681,742,970,921,231,230,865,1343,867,65,538,536,367,743,682,684,847,855,853,843,845,850
74,157,126,783,763,331,951,239,624,784,825,829,833,832,824,757,291,460,474,364,369,1140,507,514,511,512,338,140,801,44,543,41,39,467,301,776,1111,151,556,335,333,339,337,714,513,508,506,806,363,473,459,290,756,823,831,828,830,826,785,625,283,332,782,166,111,73,647,645,212,62,224,70,86,651,176,649,271,17,759
760,18,272,650,177,652,87,116,201,63,213,646,648,74,157,126,783,763,331,951,239,624,784,825,829,833,832,824,757,291,460,474,364,369,1140,507,514,511,512,338,140,801,44,543,41,39,467,301,776,1111,151,556,335,333,339,928,337,714,513,508,506,806,363,473,459,290,756,823,831,828,830,826,785,625,283,332,782,166,111,73
760,18,272,650,392,394,211,205,805,436,209,200,213,646,648,74,157,126,783,763,331,951,239,624,784,825,829,833,832,824,757,291,460,474,364,369,1140,507,514,511,512,338,140,801,44,543,41,39,467,301,776,1111,151,556,335,333,339,928,337,714,513,508,506,806,363,473,459,290,756,823,831,828,830,826,785,625,283,332,782,166,111,73
74,157,126,783,763,331,951,239,624,784,825,829,833,832,824,757,291,460,474,364,369,1140,507,514,511,512,338,140,801,44,543,41,39,467,301,776,1111,151,556,335,333,339,337,714,513,508,506,806,363,473,459,290,756,823,831,828,830,826,785,625,283,332,782,166,111,73
74,157,126,783,763,331,951,239,624,784,825,829,833,832,824,757,291,460,474,120,939,348,1147,343,345,389,287,384,288,386,378,628,144,1020,158,1328,1234,1208,1210,1301,1240,1175,1383,1384
116,201,63,213,646,648,74,157,126,783,763,331,951,239,624,784,825,829,833,832,824,757,291,460,474,120,939,348,1147,343,345,389,287,384,288,386,378,628,144,1020,158,1328,1234,1208,1210,1301,1240,1175,1383,1384
1273,1272,1176,1241,1202,1211,1209,1235,1329,169,1021,145,629,379,387,287,384,288,388,346,344,1148,349,940,121,473,459,290,756,823,831,828,830,826,785,625,283,332,782,166,111,73
74,157,126,783,763,331,951,239,624,784,825,829,833,832,824,757,291,460,474,120,939,1103,341,1043,289,377,144,1020,158,1328,1234,1208,1210,1301,1240,1175,1383,1384
1273,1272,1176,1241,1202,1211,1209,1235,1329,169,1021,376,286,1079,342,1104,940,121,473,459,290,756,823,831,828,830,826,785,625,283,332,782,166,111,73
74,157,126,783,763,331,951,239,624,784,825,829,475,834,833,82,396,1077,348,1147,343,345,389,380,626,136,699,701,808,520,548,803,229,741,467,301,776,872,232,249,362,464,365,682,684,847,855,853,843,845,850,851,844,842,852,854,856,848,790,864,542,429,110,108,4,598,591,599,594
590,600,593,592,597,2,3,107,109,428,541,152,189,849,855,853,843,845,850,851,844,842,852,854,846,683,681,678,461,723,535,79,868,777,302,468,740,767,973,547,519,807,133,702,627,381,388,346,344,1148,349,1078,395,81,828,835,827,830,826,785,625,283,332,782,166,111,73
74,157,126,783,763,331,951,239,624,784,825,829,475,834,833,82,396,1077,1103,341,1043,289,377,587,136,699,701,808,520,548,803,229,741,467,301,776,872,232,249,362,464,365,682,684,847,855,853,843,845,850
851,844,842,852,854,846,683,681,678,461,723,535,79,868,777,302,468,740,767,973,547,519,807,133,702,588,376,286,1079,342,1104,1078,395,81,828,835,827,830,826,785,625,283,332,782,166,111,73
851,844,842,852,854,846,683,681,678,461,723,535,79,868,777,302,468,740,767,973,547,519,807,133,702,627,381,388,346,344,1148,349,940,121,473,459,290,756,823,831,828,835,827,830,826,785,625,283,332,782,166,111,73
851,844,842,852,854,846,683,681,678,461,723,535,79,868,777,302,468,740,767,973,547,519,807,133,702,627,381,388,346,344,1148,349,940,121,473,459,290,756,823,831,828,835,827,830,826,785,625,283,332,782,166,111,73,647,645,212,62,224,70,86,651,176
74,157,126,783,763,331,951,239,624,784,825,829,475,834,833,82,396,1077,348,1147,343,345,389,380,626,136,699,701,808,520,548,803,229,741,467,301,776,872,232,249,362,464,365,682,684,847,855,853,843,845,850
851,844,842,852,854,846,683,681,678,461,723,535,79,868,777,302,468,740,767,973,547,519,807,133,702,627,381,388,346,344,1148,349,1078,395,81,828,835,827,830,826,785,625,283,332,782,166,111,73
124,123,1151,1150,1152,601,595,4,361,821,811,623,920,488,486,978,987,1038,1130,977,996,974,968,485,487,919,1080,960,820,360,2,596,483,602,1151,1150,1152,122,124
124,123,1151,1150,1152,601,595,4,598,431,591,599,594,590,600,593,592,597,361,894,893,920,924,925,430,521,926,927,550,955,766,949,80,936,905,904,983,903,902,9,930,811,623,914,915,360,598,431,591,599,594,590,600,593,592,597,2,596,483,602,1151,1150,1152,122,124
74,157,126,783,763,457,479,280,369,1140,510,504,246,666,46,47,48,300,982,343,345,389,386,378,628,136,699,701,808,520,548,803,229,741,467,301,776,68,43,799,764,247,505,509,368,279,478,456,782,166,111,73,647,645,212,62,224,70,86,651,176,649,271,17,759,1019,273,153,975
177,652,87,116,201,63,213,646,648,74,157,126,783,763,457,479,280,369,1140,510,504,246,666,46,47,48,300,982,343,345,389,386,378,628,136,699,701,808,520,548,803,229,741,467,301,776,68,43,799,764,247,505,509,368,279,478,456,782,166,111,73
74,157,126,783,763,457,479,280,369,1140,510,504,246,666,46,47,48,300,982,343,345,389,386,378,628,585,589,584,586,629,379,387,388,346,344,981,299,49,398,741,467,301,776,68,43,799,764,247,505,509,368,279,478,456,782,166,111,73
74,157,126,783,763,457,479,280,369,1140,510,504,246,666,46,47,48,300,982,343,345,389,386,378,628,136,699,701,808,520,548,803,229,741,467,301,776,68,43,799,764,247,505,509,368,279,478,456,782,166,111,73,647,961,202,721,222,420,203,209,200,62,224,70,86,651,176
760,18,272,650,177,652,87,116,201,63,245,207,202,419,223,722,203,962,648,74,157,126,783,763,457,479,280,369,1140,510,504,246,666,46,47,48,300,982,343,345,389,386,378,628,136,699,701,808,520,548,803,229,741,301,776,68,43,799,764,247,505,509,368,279,478,456,782,166,111,73
74,157,126,783,763,457,479,280,369,1140,510,504,246,666,46,47,48,300,982,343,345,389,386,378,628,136,699,701,808,520,548,803,229,741,467,301,776,68,43,799,764,247,505,509,368,279,478,456,782,166,111,73,647,645,212,62,224,70,86,651,176,649,271,17,759,1019
74,157,126,783,763,457,479,280,369,1140,510,504,246,666,46,47,48,300,982,343,345,389,386,378,628,136,699,701,808,520,548,803,229,741,467,301,776,68,43,799,764,247,505,509,368,279,478,456,782,166,111,73
177,652,87,116,201,63,213,646,648,74,157,126,783,763,457,479,280,369,1140,510,504,246,765,44,69,777,302,468,740,767,973,547,519,807,700,698,135,629,379,387,388,346,344,981,299,837,45,667,247,505,509,368,279,478,456,782,166,111,73
74,157,126,783,763,457,479,280,369,1140,510,504,246,765,44,69,777,302,468,740,767,973,547,519,502,426,583,931,1086,584,586,629,379,387,388,346,344,981,299,837,45,667,247,505,509,368,279,478,456,782,166,111,73
316,312,314,307,958,819,393,177,652,87,116,201,63,213,646,648,74,157,126,783,763,457,479,280,369,1140,510,504,246,765,44,69,777,302,468,740,767,973,547,519,807,700,698,135,629,379,387,388,346,344,981,299,837,45,667,247,505,509,368,279,478,456,782,166,111,73
74,157,126,783,763,457,479,280,369,1140,510,504,246,765,44,69,777,302,468,740,767,973,547,519,807,700,698,135,629,379,387,388,346,344,981,299,837,45,667,247,505,509,368,279,478,456,782,166,111,73,645,212,62,224,70,86,651,176,392,818,957,546,315,313,316
316,312,314,307,958,819,393,177,652,87,116,201,63,213,646,648,74,157,126,783,763,457,479,280,369,1140,510,504,246,765,44,69,777,302,468,740,767,973,547,519,502,426,583,427,503,807,700,698,135,629,379,387,388,346,344,981,299,837,45,667,247,505,509,368,279,478,456,782,166,111,73
74,157,126,783,763,457,479,280,369,1140,510,504,246,765,44,69,777,302,468,740,767,973,547,519,807,700,698,135,588,376,286,1079,342,1104,1078,395,81,828,830,826,785,625,283,332,782,166,111,73,647,645,212,62,224,70,86,651,176
74,157,126,783,763,457,479,280,369,1140,510,504,246,765,44,69,777,302,468,740,767,973,547,519,807,700,698,135,629,379,387,388,346,344,981,299,837,45,667,247,505,509,368,279,478,456,782,166,111,73
74,157,126,783,763,457,479,280,369,1140,507,514,511,512,338,912,340,334,336,555,150,432,777,302,468,740,767,973,547,519,807,700,698,135,629,379,387,388,346,344,981,299,837,45,667,247,505,509,368,279,476,458,823,831,828,835,827,830,826,785,625,283,332,782,166,111,73
74,157,126,783,763,457,479,280,369,1140,510,504,246,666,46,47,48,300,982,343,345,389,386,378,628,136,699,701,808,520,548,803,229,741,467,301,776,1111,151,556,335,333,339,928,337,714,513,508,506,368,279,478,456,782,166,111,73
1436,1467,1457,1516,1480,1426,1469,1523,1450,1565,1537,1448,1557,1478,1543,1549,1550,1547,1434,1551,1541,900,1542,1484,1492,1495,58,311,74,84
83,75,310,60,1494,1491,1493,1539,901,1540,1552,1434,1548,1546,1545,1544,1477,1555,1556,1447,1536,1449,1522,1468,1425,1479,1456,1466,1435
1436,1467,1457,1516,1480,1426,1469,1523,1450,1537,1448,1557,1478,1504,1527,1465,1442,1474,1529,1455,1509,1446,1513,1525,1531,1484,1429,1486,1507,1428,1521,1500,1518,1452,1496,1558,1560,1488,1495,1433,1554,61,325,326,323,306,419,223,722,203,962,648,74,157,126,866,129,454,772,85,507,514,511,512,338,912,340,334,336,555,539,529,122,124
124,123,1026,530,540,556,335,333,339,337,714,513,508,506,83,773,455,631,128,166,111,73,75,647,961,202,721,222,420,305,322,327,324,59,1102,1553,1432,1494,1489,1559,1497,1498,1517,1499,1520,1519,1427,1506,1530,1524,1512,1445,1510,1454,1528,1473,1441,1464,1526,1505,1477,1555,1556,1447,1536,1449,1522,1468,1425,1479,1456,1466,1435
124,123,1026,530,540,556,335,333,339,337,714,513,508,506,83,773,455,631,128,166,111,73,75,647,961,202,721,222,420,305,322,327,324,59,1102,1553,1432,1494,1489,1559,1497,1498,1517,1499,1520,1519,1427,1506,1530,1524,1511,1445,1510,1454,1528,1473,1441,1464,1526,1505,1477,1555,1556,1447,1536,1449,1522,1468,1425,1479,1456,1466,1435
1436,1467,1457,1516,1480,1426,1469,1523,1450,1537,1448,1557,1478,1543,1549,1550,1547,1434,1551,1541,900,1542,1484,1492,1495,58,311,74,85,44,232,365,682,850
851,681,678,79,43,83,75,310,60,1494,1491,1493,1539,901,1540,1552,1434,1548,1546,1545,1544,1477,1555,1556,1447,1536,1449,1522,1468,1425,1479,1456,1466,1435
1435,1436,1467,1457,1516,1480,1426,1469,1523,1450,1537,1448,1557,1478,1504,1527,1465,1442,1474,1529,1455,1509,1446,1513,1525,1531,1484,1508,1492,1490,1489,1559,1497,1498,1453,1517,1499,1520,1519,1427,1506,1483,1530,1524,1445,1510,1454,1528,1473,1441,1464,1526,1505,1477,1555,1556,1447,1536,1449,1522,1468,1425,1479,1456,1466,1435
416,33,572,570,522,27,35,37,38,36,28,523,774,31,860,1096,525,284,1458,1430,1461,1451,1496,1558,1560,1488,1487,1491,1493,1530,1524,1512,1445,1526,1505,1539,901,1540,1552,1434
416,33,572,570,522,27,35,37,38,36,28,523,774,31,860,1096,525,284,1458,1430,1461,1451,1496,1558,1560,1488,1487,1491,1493,1530
416,33,572,570,522,27,35,37,38,36,28,523,1156,774,31,860,1096,525,284,1458,1430,1461,1451,1517,1499,1520,1519,1521,1500,1518,1452,1496,1558,1560,1488,1487,1491,1493,1530,1524,1512,1445,1526,1505,1539,901,1540,1552,1434
1434,1551,1541,900,1542,1504,1527,1446,1531,1484,1508,1492,1490,1489,1559,1497,1498,1453,1463,1431,1459,285,526,859,858,861,32,775,174,1157,522,27,35,37,38,36,28,523,571,573,34,416
1531,1484,1508,1492,1490,1489,1559,1497,1498,1453,1463,1431,1459,285,526,859,858,861,32,775,174,1157,522,27,35,37,38,36,28,523,571,573,34,416
1531,1484,1508,1492,1490,1489,1559,1497,1498,1453,1463,1502,1501,1503,1462,1431,1459,285,526,859,858,861,32,775,174,1157,522,27,35,37,38,36,28,523,571,573,34,416
1436,1467,1457,1516,1480,1426,1469,1523,1450,1565,1537,1448,1557,1478,1543,1549,1550,1547,1434,1551,1541,900,1542,1484,1492,1495,58,311,74,85,511,338,124,528
527,124,337,513,83,75,310,60,1494,1491,1493,1539,901,1540,1552,1434,1548,1546,1545,1544,1477,1555,1556,1447,1536,1449,1522,1468,1425,1479,1456,1466,1435
1436,1467,1457,1516,1480,1426,1469,1523,1450,1565,1537,1448,1557,1478,1504,1527,1465,1442,1474,1529,1455,1509,1446,1513,1525,1531,1484,1508,1492,1490,1489,1559,1497,1498,1453,1517,1499,1520,1519,1521,1500,1518,1452,1463,1431,1459,285,526,859,858,861,32,775,174,1157,522,27,35,37,38,36,28,523,571,573,34,416
416,33,572,570,522,27,35,37,38,36,28,523,1156,774,31,860,1096,525,284,1458,1430,1461,1451,1496,1558,1560,1488,1487,1491,1493,1530,1524,1512,1445,1510,1454,1528,1473,1441,1464,1526,1505,1477,1555,1556,1447,1536,1449,1522,1468,1425,1479,1456,1466,1435
1436,1467,1457,1516,1480,1426,1469,1523,1450,1565,1537,1448,1557,1478,1504,1527,1465,1442,1474,1529,1455,1509,1446,1513,1525,1531,1484,1429,1486,1515,1482,1488,1495,1433,789,58,716,745,311,880,208,648,74,157,126,866,129,454,772,84
83,773,455,631,128,166,111,75,647,206,881,310,744,715,60,1535,1432,1494,1489,1481,1514,1538,1485,1530,1524,1512,1445,1510,1454,1528,1473,1441,1464,1526,1505,1477,1555,1556,1447,1536,1449,1522,1468,1425,1479,1456,1466,1435
1436,1467,1457,1516,1480,1426,1469,1523,1450,1565,1537,1448,1557,1478,1504,1527,1465,1442,1474,1529,1455,1509,1446,1513,1525,1531,1484,1508,1492,1490,1495,1433,1554,61,325,326,323,306,419,223,722,203,962,648,74,157,126,866,129,454,772,84
1436,1467,1457,1516,1480,1426,1469,1523,1450,1565,1537,1448,1557,1478,1504,1527,1465,1442,1474,1529,1455,1509,1446,1511,1513,1525,1531,1484,1508,1492,1490,1495,1433,1554,61,325,326,323,306,419,223,722,203,962,648,74,157,126,866,129,454,772,84
1436,1467,1457,1516,1480,1426,1469,1523,1450,1565,1537,1448,1557,1478,1504,1527,1465,1442,1474,1529,1455,1509,1446,1513,1525,1531,1484,1508,1115,1492,1490,1495,1433,1554,61,325,326,323,306,419,223,722,203,962,648,74,157,126,866,129,454,772,84
83,773,455,631,128,166,111,73,75,647,961,202,721,222,420,305,322,327,324,59,1102,1553,1432,1494,1487,1491,1493,1530,1524,1512,1445,1510,1454,1528,1473,1441,1464,1526,1505,1477,1555,1556,1447,1536,1449,1522,1468,1425,1479,1456,1466,1435
83,773,455,631,128,166,111,73,75,647,961,435,804,204,210,1128,818,957,546,315,313,954,1139,945,946,322,327,324,59,1102,1553,1432,1494,1487,1491,1493,1530,1524,1512,1445,1510,1454,1528,1473,1441,1464,1526,1505,1477,1555,1556,1447,1536,1449,1522,1468,1425,1479,1456,1466,1435
83,773,455,631,128,166,111,73,75,647,961,202,721,222,420,305,322,327,324,59,1102,1553,1432,1494,1487,1491,1493,1530,1524,1511,1445,1454,1528,1473,1441,1464,1526,1505,1477,1555,1556,1447,1536,1449,1522,1468,1425,1479,1456,1466,1435
83,773,455,631,128,166,111,73,75,647,961,202,721,222,420,305,322,327,324,59,1102,1553,1432,1494,1487,1491,1115,1493,1483,1530,1524,1512,1445,1510,1454,1528,1473,1441,1464,1526,1505,1477,1555,1556,1447,1536,1449,1522,1468,1425,1479,1456,1466,1435
1436,1467,1457,1516,1480,1426,1469,1523,1450,1565,1537,1448,1557,1478,1504,1527,1465,1442,1474,1529,1455,1509,1446,1513,1525,1531,1484,1508,1492,1490,1495,1433,789,58,716,745,311,880,208,648,74,157,126,866,129,454,772,85,510,504,246,765,44,69,777,302,468,740,767,973,547,519,502,426,583
1436,1467,1457,1516,1480,1426,1469,1523,1450,1565,1537,1448,1557,1478,1504,1527,1465,1442,1474,1529,1455,1509,1446,1511,1513,1525,1531,1484,1508,1492,1490,1495,1433,789,58,716,745,311,880,208,648,74,157,126,866,129,454,772,85,510,504,246,765,44,69,777,468,740,767,973,547,519,502,426,583
1436,1467,1457,1516,1480,1426,1469,1523,1450,1565,1537,1448,1557,1478,1504,1527,1465,1442,1474,1529,1455,1509,1446,1513,1525,1531,1484,1508,1115,1492,1490,1495,1433,789,58,716,745,311,880,208,648,74,157,126,866,129,454,772,85,510,504,246,765,44,69,777,302,468,740,767,973,547,519,502,426,583
583,427,503,520,548,803,229,741,467,301,776,68,43,799,764,247,505,509,83,773,455,631,128,166,111,75,647,206,881,310,744,715,60,1535,1432,1494,1487,1491,1493,1530,1524,1512,1445,1454,1528,1473,1441,1464,1526,1505,1477,1555,1556,1447,1536,1449,1522,1468,1425,1479,1456,1466,1435
583,427,503,520,548,803,229,741,467,301,776,68,43,799,764,247,505,509,83,773,455,631,128,166,111,73,75,647,206,881,310,744,715,60,1535,1432,1494,1487,1491,1115,1493,1483,1530,1524,1445,1454,1528,1473,1441,1464,1526,1505,1477,1555,1556,1447,1536,1449,1522,1468,1425,1479,1456,1466,1435
1436,1467,1457,1516,1480,1426,1469,1523,1450,1565,1537,1448,1557,1478,1543,1549,1550,1547,1434,1551,1541,900,1542,1504,1527,1465,1442,1474,1529,1455,1509,1446,1525,1531,1484,1508,1492,1490,1495,1433,789,58,716,745,311,880,208,648,74,157,126,866,129,454,772,84
83,773,455,631,128,166,111,75,647,206,881,310,744,715,60,1535,1432,1494,1487,1491,1493,1483,1530,1524,1445,1510,1454,1528,1473,1441,1464,1526,1505,1539,901,1540,1552,1434,1548,1546,1545,1544,1477,1555,1556,1447,1536,1449,1522,1468,1425,1479,1456,1466,1435
1434,1551,1541,900,1542,1484,1492,1495,58,311,74,84
83,75,310,60,1494,1491,1493,1539,901,1540,1552,1434
1436,1467,1457,1516,1480,1426,1469,1523,1450,1565,1537,1448,1557,1478,1504,1527,1465,1442,1474,1529,1455,1509,1446,1525,1531,1484,1508,1492,1490,1495,1433,789,58,716,745,311,880,208,648,74,157,126,866,129,454,772,84
83,773,455,631,128,166,111,75,647,206,881,310,744,715,60,1535,1432,1494,1487,1491,1493,1530,1524,1445,1510,1454,1528,1473,1441,1464,1526,1505,1477,1555,1556,1447,1536,1449,1522,1468,1425,1479,1456,1466,1435
1436,1467,1457,1516,1480,1426,1469,1523,1450,1565,1537,1448,1557,1478,1504,1527,1465,1442,1474,1529,1455,1509,1446,1525,1531,1484,1508,1492,1490,1495,1433,789,58,716,745,311,880,208,648,74,157,126,866,129,454,772,85,507,514,511,512,338,912,340,334,336,555,539,529,122,124
124,123,1026,530,540,556,335,333,339,337,714,513,508,506,83,773,455,631,128,166,111,75,647,206,881,310,744,715,60,1535,1432,1494,1487,1491,1493,1483,1530,1524,1445,1510,1454,1528,1473,1441,1464,1526,1505,1477,1555,1556,1447,1536,1449,1522,1468,1425,1479,1456,1466,1435
1436,1467,1457,1516,1480,1426,1469,1523,1450,1565,1537,1448,1557,1478,1504,1527,1465,1442,1474,1529,1455,1509,1446,1513,1525,1531,1484,1508,1492,1490,1495,1433,1554,61,325,326,323,306,419,223,722,203,962,648,74,157,126,866,129,454,772,85,507,514,511,512,338,912,340,334,336,555,539,529,122,124
124,123,1026,530,540,556,335,333,339,337,714,513,508,506,83,773,455,631,128,166,111,73,75,647,961,202,721,222,420,305,322,327,324,59,1102,1553,1432,1494,1487,1491,1493,1530,1524,1512,1445,1510,1454,1528,1473,1441,1464,1526,1505,1477,1555,1556,1447,1536,1449,1522,1468,1425,1479,1456,1466,1435
124,123,1026,530,540,556,335,333,339,928,337,714,513,508,506,83,773,455,631,128,166,111,73,75,647,961,202,721,222,420,305,322,327,324,59,1102,1553,1432,1494,1487,1491,1493,1530,1524,1511,1445,1510,1454,1528,1473,1441,1464,1526,1505,1477,1555,1556,1447,1536,1449,1522,1468,1425,1479,1456,1466,1435
583,931,1086,584,586,144,1020,158,1328,1263,518,168,169,1021,145,587,585,589,582,583
583,931,1086,584,586,144,1020,158,1328,1263,518,168,169,1021,145,587,703,701,808,502,426,583
416,840,841,416
416,637,641,639,642,640,641,638,416
416,409,413,668,411,1063,1062,891,726,1066,778,779,484,437,317,471,470,469,472,330,149,147,1145,1113,416
416,409,413,668,411,1063,1062,891,726,1066,778,779,484,437,317,471,470,469,472,330,149,147,410,412,407,416
416,1092,967,963,1094,413,668,411,146,148,329,554,328,553,330,149,147,1145,410,412,1093,964,1091,408,416
416,1092,967,963,1094,413,412,874,1133,876,1093,877,1134,875,964,1091,408,416
416,409,413,668,411,1063,1062,891,726,1066,304,185,780,632,636,635,293,8,259,262,260,447,448,256,932,254,1057,1027,933,934,1056,257,252,560,565,557,564,563,251,561,558,390,1163,1122,524,1116
1116,1123,1163,1122,391,559,563,251,561,565,557,564,562,253,258,1057,1027,933,934,1056,255,449,448,256,932,261,262,260,7,292,633,636,634,781,186,303,1060,725,890,1061,1064,410,412,407,416
416,409,413,668,411,1063,1062,891,726,1066,304,185,780,632,259,447,1057,1027,933,934,1056,257,252,560,565,557,564,563,251,561,558,390,1163,1122,524,1116
1116,1123,1163,1122,391,559,563,251,561,565,557,564,562,253,258,1057,1027,933,934,1056,255,449,261,634,781,186,303,1060,725,890,1061,1064,410,412,407,416
416,409,413,668,411,1063,1062,891,726,1066,304,185,780,632,636,635,293,8,259,262,260,447,448,256,932,254,257,252,560,558,390,1163,1122,524,1116
1116,1123,1163,1122,391,559,562,253,258,255,449,448,256,932,261,262,260,7,292,633,636,634,781,186,303,1060,725,890,1061,1064,410,412,407,416
416,409,413,668,411,1063,1062,891,726,1066,304,185,780,632,259,447,254,257,252,560,558,390,524
1123,391,559,562,253,258,255,449,261,634,781,186,303,1060,725,890,1061,1064,410,412,407,416
416,409,413,668,411,1063,1062,891,726,1066,304,184,1125,188,1135,418,1121,182,769,771,359,937,358,770,768,180,181,1120,417,187,1124,183,303,1060,725,890,1061,1064,1114,1113,416
416,1092,967,1095,618,463,405,401,400,482,516,1046,1047,1050,762,788,728,371,612,156,1025,839,604,78,610,89,1437,1438,88,609,77,603,838,1024,155,611,370,727,787,761,1049,1048,1045,515,481,399,404,462,617,1044,966,1091,408,416
416,1092,967,1095,618,463,405,401,400,482,516,1046,1047,1050,762,788,728,371,612,156,1025,839,604,78,605,607,608,606,610,89,1437,1438,88,609,77,603,838,1024,155,611,370,727,787,761,1049,1048,1045,515,481,399,404,462,617,1044,966,1091,408,416
416,409,413,668,411,1063,1062,891,726,1066,304,184,1125,188,1135,418,1121,182,769,771,359,496,357,608,606,610,89,1437,1438,88,609,77,603,838,1024,155,611,370,727,787,761,1049,1048,1045,515,481,399,404,462,617,1044,966,1094,413,668,416
416,1092,967,1095,618,463,405,401,400,482,516,1046,1047,1050,762,788,728,371,612,156,1025,839,604,78,610,89,1437,1438,88,609,605,607,533,532,356,495,358,770,768,180,181,1120,417,187,1124,183,303,725,890,1114,1113,416
416,1092,967,1095,618,463,405,401,400,482,516,1046,1047,1050,762,788,728,371,612,156,1025,839,604,78,610,89,88,609,605,607,533,532,356,495,358,770,768,180,181,1120,417,947,187,183,303,725,890,1114,1113,416
416,1092,967,1095,618,463,405,401,400,482,516,1046,1047,1050,762,788,728,371,612,156,1025,839,604,78,605,607,533,532,356,495,358,770,768,180,181,1120,417,947,187,1124,183,303,1060,725,890,1061,1064,410,412,407,416
416,409,413,668,411,1063,1062,891,726,1066,304,184,1125,724,613,370,727,787,761,1049,1048,1045,515,481,399,404,462,617,1044,966,408,416
416,409,413,668,411,1063,1062,891,726,1066,304,184,1125,188,1135,418,1121,182,769,771,359,358,770,768,180,181,1120,417,187,1124,183,303,1060,725,890,1061,1064,1114,1113,416
416,1101,226,227,687,689,494,1014,1010,159,194,190,192,114,112,199,198,196,1001,663,1003,480,1004,662,661,1005,659,622,1073,235,1074,621,616,1112,619,1030,12,1028,1007,620,1008,1029,11,1022,1009,13,1052,657,1119,658,1006,660,1002,197,198,113,115,193,191,195,162,1011,1013,493,690,688,403,399,404,462,617,1044,966,408,416
416,1092,967,1095,1012,191,195,162,161,1088,244,466,242,241,465,243,1087,160,159,194,190,192,114,112,199,198,113,115,193,1044,966,1091,408,416
416,1092,967,1095,1012,190,192,114,112,199,198,113,115,193,191,195,162,161,1088,244,466,242,241,465,243,1087,160,159,194,1044,966,1091,408,416
416,1092,967,1095,618,463,405,401,402,687,689,692,754,142,878,655,653,352,353,440,118,882,812,1146,816,221,217,219,1533,1444,1476,1470
1471,1475,1443,1532,218,216,220,816,1144,817,813,883,119,441,442,355,354,654,656,879,143,755,693,690,688,403,399,404,462,617,1044,966,408,416
416,1092,967,1095,618,463,405,401,402,687,689,494,1014,1010,159,194,190,192,114,112,199,196,1001,663,1003,480,1004,662,661,1005,659,622,1073,235,1074,621,1006,660,1002,197,113,115,193,191,195,162,1011,1013,493,690,688,403,399,404,462,617,1044,966,1091,408,416
416,1092,967,1095,618,463,405,401,402,687,689,494,1014,1010,159,194,190,192,114,112,199,196,1001,661,1005,659,616,1112,619,1030,12,1028,1007,620,1008,1029,11,1022,1009,13,1052,657,1119,658,1006,660,1002,197,113,115,193,191,195,162,1011,1013,493,690,688,403,399,404,462,617,1044,966,1091,408,416
416,1092,967,1095,618,463,405,401,402,687,689,494,1014,1010,159,194,190,192,114,112,199,198,196,1001,663,1003,480,1004,662,661,1005,659,622,1073,235,1074,621,616,1112,619,1030,12,1028,1007,620,1008,1029,11,1022,1009,13,1052,657,1119,658,197,113,115,193,191,195,162,1011,1013,493,690,688,403,399,404,462,617,1044,966,1091,408,416
416,1092,967,1095,618,463,405,401,402,687,689,692,754,142,878,655,653,352,353,440,118,882,812,1146,816,578,576,268,269,52,50,54,1126,240,718,984,1038,414,885,705,664,23,24
24,21,665,707,884,415,1039,985,719,717,55,51,53,577,579,817,813,883,119,441,355,354,654,656,879,143,755,693,690,688,403,399,404,462,617,1044,966,408,416
416,1092,967,1095,618,463,405,401,402,687,689,494,1012,191,190,192,114,112,199,198,113,115,193,493,692,754,142,878,655,653,352,353,440,118,882,812,1146,816,578,576,268,269,52,50,54,1126,240,718,984,1038,414,885,705,664,23,24
816,1144,817,813,883,119,441,442,355,354,654,656,879,143,755,693,690,688,228,225,416
416,1092,967,1095,618,463,405,401,402,687,689,692,754,142,878,655,653,352,353,440,118,882,812,1146,816,441,439,814,815,438,440,938,118,816,1144,817,813,883,119,441,355,354,654,656,879,143,755,693,690,688,403,399,404,462,617,1044,966,1091,408,416
416,1092,967,1095,618,463,405,401,402,687,689,692,754,142,878,655,653,352,353,440,118,882,812,1146,816
816,817,813,883,119,441,355,354,654,656,879,143,755,693,690,688,403,399,404,462,617,1044,966,408,416
416,1092,967,1095,618,463,405,401,402,687,689,692,754,142,878,655,653,352,353,440,118,882,812,1146,816
816,1144,817,813,883,119,441,355,354,654,656,879,143,755,693,690,688,403,399,404,462,617,1044,966,408,416
416,1092,967,1095,618,463,405,401,402,687,689,692,754,142,878,655,653,352,353,440,118,882,812,1146,816,578,576,268,269,52,50,54,1126,240,718,984,1038,414,885,709,711,1041,796,795,791,713,792,798,794,266,375,887,665,707,884,415,1039,985
713,792,798,794,873,1042,710,704,707,884,415,985
416,1092,967,1095,618,463,405,401,402,687,689,494,1012,191,195,162,161,1088,244,466,242,1440,1439,1470,1471,1460,1534,1472,450,452,942,296,294,1117,1118,350,988,1038,414,885,705,664,22,886,374,265,793,791,713
985,719,717,55,51,53,270,577,579,816,817,813,883,119,441,442,355,354,654,656,879,143,755,693,690,688,403,399,404,462,617,1044,966,408,416
713,792,798,794,266,375,887,665,707,884,415,1039,985,719,717,55,51,53,270,577,579,816,817,813,883,119,441,442,355,354,654,656,879,143,755,693,690,688,403,399,404,462,617,1044,966,408,416
416,1092,967,1095,618,463,405,401,402,687,689,692,754,142,878,655,653,352,353,440,118,882,812,1146,816,578,576,268,269,52,50,54,1126,240,718,984,1038,414,885,705,664,22,886,374,265,793,791,713,792,794,375,887,665,707,884,415,1039,985,719,717,55,51,53,270,577,579,816,1144,817,813,883,119,441,442,355,354,654,656,879,143,755,693,690,688,403,399,404,462,617,1044,966,1091,408,416
74,157,126,783,763,331,951,823,625,283,822,477,238,85,510,504,246,765,44,69,1111,151,539,529,601,595,4,598,431,1085,425,705,664,23,24,21,665,15,320,318,29,446,980,760,18,272,650,177,652,87,116,201,63,213,646
1081,848,790,864,542,429,110,108,4,598,431,1085,425,705,664,23,24
24,21,665,424,1084,592,597,2,3,107,109,428,541,152,189,849,1081
713,794,375,373,567,1089,569,574,575,568,1090,566,117,372,265,791,713
713,1023,545,1072,250,1071,544,1018,713
713,792,798,794,264,267,263,1065,793,791,713
713,792,798,794,1108,139,1100,614,615,1110,1107,1109,795,791,713
74,157,126,866,129,454,772,84,935,510,504,246,765,44,69,872,232,249,362,464,849,846,683,681,747,679,750,676,101,97,99,106,104,100,491,489,433,1366,1362,1358,1364,1357,1360,1269,1375,1266,1274,1067,1069,1076,581,1143,713,580,1075,1070,1068,1422,1265,1407,1256,1333
74,157,126,866,129,454,772,84,935,510,504,246,765,44,69,872,232,249,362,464,849,846,683,681,747,679,750,676,101,97,99,106,104,100,491,489,433,1366,1362,1358,1364,1357,1360,1269,1407,1256,1333
1333,1268,1267,1356,1359,1365,1361,1363,1367,434,490,492,103,105,98,93,102,677,751,758,748,406,685,681,678,461,723,535,79,868,68,43,799,764,247,505,509,83,773,455,631,128,166,111,73
74,157,126,783,763,457,479,280,369,1140,507,514,511,512,338,140,801,44,69,872,232,249,362,464,849,846,683,681,742,970,921,231,230,865,1343,1370,1392,1314,1315,1303,1260,1393
1261,1259,1302,1318,1312,1319,1310,1214,1344,863,1015,1016,729,922,743,682,684,847,856,848,461,723,535,79,868,68,43,799,802,141,337,714,513,508,506,368,279,478,456,782,166,111,73
74,157,126,866,129,454,772,85,510,504,246,765,44,69,872,232,249,362,464,849,846,683,681,747,679,750,676,101,97,99,106,104,100,491,489,433,1366,1362,1358,1364,1357,1360,1269,1375,1266,1274,1067,1069,1076,581,1143,713,792,798,794,266,375,887,23,24
24,22,886,374,265,793,791,713,580,1075,1070,1068,1422,1265,1267,1356,1359,1365,1361,1363,1367,434,490,492,103,105,98,93,102,677,751,758,748,406,685,681,678,461,723,535,79,868,68,43,799,764,247,505,509,83,773,455,631,128,166,111,73
74,157,126,866,129,454,772,85,510,504,246,765,44,69,872,232,249,362,464,849,846,683,681,747,679,750,676,101,97,99,106,104,100,491,489,433,1366,1362,1358,1364,1357,1360,1269,1375,1266,1274,1067,1069,1076,581,1143,713
713,580,1075,1070,1068,1422,1265,1267,1356,1359,1365,1361,1363,1367,434,490,492,103,105,98,93,102,677,751,758,748,406,685,681,678,461,723,535,79,868,68,43,799,764,247,505,509,83,773,455,631,128,166,111,73
74,157,126,866,129,454,772,85,510,504,246,765,44,69,872,232,249,362,464,849,846,683,681,747,679,750,676,101,97,99,106,104,100,491,489,433,1366,1347,1254,501,1131,499,797,795,791,713,792,798,794,266,375,887,23,24
24,22,886,374,265,793,791,713,792,794,1000,498,1132,500,1253,1348,1367,434,490,492,103,105,98,93,102,677,751,758,748,406,685,681,678,461,723,535,79,868,68,43,799,764,247,505,509,83,773,455,631,128,166,111,73
74,157,126,866,129,454,772,85,510,504,246,765,44,69,872,232,249,362,464,849,846,683,681,747,679,750,676,101,97,99,106,104,100,491,489,433,1366,1347,1254,501,1131,499,797,795,791,713,580,1075,1070,1068,1422,1265,1407,1256,1333,1268,1264,1375,1266,1274,1067,1069,1076,581,1143,713
74,157,126,866,129,454,772,85,510,504,246,765,44,69,872,232,249,362,464,849,846,683,681,747,679,750,676,101,97,99,106,104,100,491,489,433,1366,1347,1254,501,1131,499,797,795,791,713
713,792,794,1000,498,1132,500,1253,1348,1367,434,490,492,103,105,98,93,102,677,751,758,748,406,685,681,678,461,723,535,79,868,68,43,799,764,247,505,509,83,773,455,631,128,166,111,73
74,157,126,866,129,454,772,84,935,510,504,246,765,44,69,872,232,249,362,464,849,846,683,681,747,679,750,676,101,97,99,106,104,100,491,489,433,1366,1362,1358,1364,1357,1360,1269,1266,1274,1067,1069,1076,581,1143,713,580,1075,1070,1068,1422,1265,1407,1256,1376,1255,1374,1331,1194,1203,1204,1350,1173,1217,1215
74,157,126,866,129,454,772,84,935,510,504,246,765,44,69,872,232,249,362,464,849,846,683,681,747,679,750,676,101,97,99,106,104,100,491,489,433,1366,1362,1358,1364,1357,1360,1269,1407,1256,1376,1258,1255,1374,1331,1194,1203,1204,1352,1350,1349,1394,1173,1245,1192,1217,1215
1216,1218,1246,1174,1385,1351,1353,1355,1354,1205,1195,1330,1332,1376,1255,1257,1417,1267,1356,1359,1365,1361,1363,1367,434,490,492,103,105,98,93,102,677,751,758,748,406,685,681,678,461,723,535,79,868,68,43,799,764,247,505,509,83,773,455,631,128,166,111,73
74,157,126,866,129,454,772,85,510,504,246,765,44,69,872,232,249,362,464,365,682,684,847,856,848,790,864,542,429,110,108,4,598,591,599,594,590,600,593,1036,1034,991,993,1033,995,979,1017,976,1129,1039,985,719,717,55,51,53,270,577,579,816
816,578,576,268,269,52,50,54,1126,240,718,984,1038,1130,977,996,974,994,1032,992,990,1035,1037,591,599,594,590,600,593,592,597,2,3,107,109,428,541,152,189,849,846,683,681,678,461,723,535,79,868,68,43,799,764,247,505,509,83,773,455,631,128,166,111,73
74,157,126,783,763,457,479,238,85,510,504,246,765,44,69,872,232,249,362,464,365,682,684,847,856,848,790,864,542,429,110,108,4,598,591,599,594,590,600,593,1036,1034,991,993,1033,995,979,1017,976,1129,414,885,705,664,23,24
24,21,665,707,884,415,1130,977,996,974,994,1032,992,990,1035,1037,591,599,594,590,600,593,592,597,2,3,107,109,428,541,152,189,849,846,683,681,678,461,723,535,79,868,68,43,799,764,247,505,509,83,237,478,456,782,166,111,73
590,600,593,592,597,2,596,483,602,122,124,123,530,540,150,432,68,43,799,764,247,505,509,83,773,455,631,128,166,111,73
74,157,126,783,763,457,479,238,85,510,504,246,765,44,69,872,232,249,362,464,365,682,684,847,856,848,790,864,542,429,110,108,4,598,591,599,594
590,600,592,597,2,3,107,109,428,541,152,189,849,846,683,681,678,461,723,535,79,868,68,43,799,764,247,505,509,83,237,478,456,782,166,111,73
682,684,847,856,848,790,864,542,429,110,108,4,598,591,599,594,590,600,593,592,597,2,596,483,602,122,124,123,601,595,3,107,109,428,541,152,189,849,846,683,1051
74,157,126,783,763,457,479,238,84,997,529,122,124,123,601,595,4,361,894,893,960,1,6,950,948,956,959
521,236,955,766,949,80,170,5,0,811,623,914,915,360,2,596,483,602,122,124,123,1026,530,998,83,237,478,456,782,166,111,73
682,684,847,856,848,790,864,542,429,110,108,4,598,591,599,594,590,600,593,1085,425,987,985,719,717,55,51,53,270,577,579,816
74,157,126,866,129,454,772,85,510,504,246,765,44,69,872,232,249,362,464,365,682,684,847,856,848,790,864,542,429,110,108,4,598,591,599,594,590,600,593,1085,425,987,985,719,717,55,51,53,270,577,579,816
682,684,847,856,848,790,864,542,429,110,108,4,598,591,599,594,590,600,593,1085,423,425,987,985,719,717,55,51,53,270,577,579,816
816,578,576,268,269,52,50,54,1126,240,718,984,986,424,1084,591,599,594,590,600,593,592,597,2,3,107,109,428,541,152,189,849,846,683,1051
816,578,576,268,269,52,50,54,1126,240,718,984,986,424,423,1084,591,599,594,590,600,593,592,597,2,3,107,109,428,541,152,189,849,846,683,1051
816,578,576,268,269,52,50,54,1126,240,718,984,986,424,1084,591,599,594,590,600,593,592,597,2,596,483,602,122,124,123,601,595,3,107,109,428,541,152,189,849,846,683,1051
74,157,126,866,129,454,772,85,507,514,511,512,338,1031,997,529,601,595,4,598,1036,1034,991,993,1033,995,987,1038,1130,977,996,974,994,1032,992,990,1035,1037,597,2,596,483,602,1026,530,1059,337,714,513,508,506,83,773,455,631,128,166,111,73
74,157,126,866,129,454,772,85,510,504,246,765,44,1111,151,539,529,601,595,4,598,1036,1034,991,993,1033,995,987,1038,1130,977,996,974,994,1032,992,990,1035,1037,597,2,596,483,602,1026,530,540,150,432,68,43,799,764,247,505,509,83,773,455,631,128,166,111,73
851,844,842,852,854,846,683,681,747,679,14,749,753,675,94,95,96,93,102,677,746,752,686,748,680,682,684,847,856,848,790,864,542,429,110,108,596,483,602,124
124,123,601,595,3,107,109,428,541,152,189,849,846,683,681,747,679,14,749,753,675,94,95,96,93,102,677,746,752,686,748,680,682,684,847,855,853,843,845,850
682,684,847,856,848,790,864,542,429,110,108,4,361,821,1,6,950,948,956,549,695,697,708,709,711,1041,796,795,791,713,792,798,794,266,375,887,23,24
24,22,886,374,265,793,791,713,792,798,794,873,1042,710,704,706,696,694,550,955,766,949,80,170,5,0,820,360,2,3,107,109,428,541,152,189,849,846,683,1051
682,684,847,856,848,790,864,542,429,110,108,4,361,821,1,6,950,948,956,549,695,697,708,705,664,23,24
24,21,665,706,696,694,550,955,766,949,80,170,5,0,820,360,2,3,107,109,428,541,152,189,849,846,683,1051
682,684,847,856,848,790,864,542,429,110,108,4,361,821,1,6,950,948,956,549,695,697,708,709,711,1041,796,795,791,713
713,792,798,794,873,1042,710,704,706,696,694,550,955,766,949,80,170,5,0,820,360,2,3,107,109,428,541,152,189,849,846,683,1051
682,684,847,856,848,790,864,542,429,110,108,596,483,602,122,124,123,1026,889,1141,531
531,1142,888,122,124,123,601,595,3,107,109,428,541,152,189,849,846,683,1051
682,684,847,856,848,790,864,542,429,110,108,670,528,10,1105,1106,615,1110,1107,1109,497
497,1108,139,1100,614,903,902,9,930,527,669,3,107,109,428,541,152,189,849,846,683,1051
682,684,847,856,848,790,864,542,429,110,108,4,361,894,893,920,488,486,978,987,1038,414,885,705,664,22,886,374,265,793,791,713
74,157,126,866,129,454,772,85,510,504,246,765,44,69,872,232,249,362,464,365,682,684,847,856,848,790,864,542,429,110,108,4,361,894,893,920,488,486,978,987,1038,414,885,705,664,22,886,374,265,793,791,713
713,792,794,266,375,887,665,707,884,415,1039,986,968,485,487,919,1080,914,915,360,2,3,107,109,428,541,152,189,849,846,683,681
24,21,665,707,884,415,1039,986,968,485,487,919,1080,914,915,360,2,3,107,109,428,541,152,189,849,846,683,681
682,684,847,856,848,790,864,542,429,110,108,4,361,894,893,920,488,486,978,987,985,719,717,55,51,53,270,577,579,816
682,848,790,864,542,429,110,108,596,483,602,122,124,123,601,595,361,894,893,920,488,486,978,987,985,719,717,55,51,53,270,577,579,816
816,578,576,268,269,52,50,54,1126,240,718,984,986,968,485,487,919,1080,914,915,360,2,3,107,109,428,541,152,189,849,846,683,681
682,684,847,856,848,790,864,542,429,110,108,4,361,894,893,920,488,486,978,987,989
988,986,968,485,487,919,1080,914,915,360,2,3,107,109,428,541,152,189,849,846,683,681
74,157,126,783,763,331,951,1154,396,1077,1103,341,1043,289,377,379,387,383,347,1147,981,299,49,398,741,467,301,776,1111,151,539,529,122,124,123,601,595,4,361,821,811,623,920,488,486,978,979,1017,976,1129,414,885,705,664,23,24
24,21,665,707,884,415,1130,977,996,974,968,485,487,919,1080,960,820,360,2,596,483,602,122,124,123,1026,530,540,150,432,777,302,468,740,397,48,300,982,1149,385,382,386,378,376,286,1079,342,1104,1078,395,1153,824,332,782,166,111,73
989,351,895,896,295,297,453,451,450,452,942,296,294,1117,1118,350,988
989,351,895,896,295,942,297,453,451,450,452,296,294,1117,1118,350,988
123,601,595,4,361,894,893,960,1,6,950,948,956,549,695,697,708,709,711,1041,796,795,791,713
713,792,798,794,873,1042,710,704,706,696,694,550,955,766,949,80,170,5,0,811,623,914,915,360,2,596,483,602,122,124
73,75,647,281,672,673,66,1158,1159,1161,1561,1562,1563,1564,1162,1160,691,674,671,282,648,74
