310,84,90,306,82,94,294,308,329
307,93,89,81,83,293,309,328,305
302,310,84,323,90,292,88,289,298,306,301,153,82,86,325,300,299,321,94,294,286,308,145,152,263,291,317,96,329,318,288
310,304,323,292,298,306,312,300,299,321,314,286,308,145,263,291,317,318,288
302,307,322,261,144,292,93,89,285,81,324,83,290,293,296,301,295,153,309,262,85,315,95,328,319,152,305,287,297,87,316
310,84,90,306,82,94,294,308,329
307,93,89,81,83,293,309,328,305
222,226
221,225
153,314
313
238,244,245
238,244,245
238,244,245
304,77,130,76,133,303,78,132,131
261,56
55
107,109,29,48,135,101,50,106,108,154,159
261,136,109,49,29,101,47,137,106,108,158,110
124,119,120,122
123,121,119,125
261,88,325,247,308,263,96,318,87,288
257,306,278,274,315,260,87,316
307,261,88,324,273,262,95,277,248,246,305,287,87
307,261,88,324,306,278,274,273,325,262,247,95,277,308,248,263,246,96,305,287,318,87,288
114,111,117,113,45,128
114,46,113,103,118,129,112
182,44,49,187,54,51,46,186,183,180,40,52,53,181,47,178,126,179,42
182,187,48,54,51,127,186,183,180,41,52,53,181,50,45,43,178,179
261,44,56,49,46,40,47,126,42
48,127,41,55,50,45,43
187,180,52,53,178,179
182,54,51,186,183,181
44,49,187,46,180,40,52,53,47,178,179,42
182,48,54,51,186,183,41,181,50,45,43
182,44,49,187,54,51,46,186,183,180,40,52,53,181,47,178,126,179,42
182,187,48,54,51,127,186,183,180,41,52,53,181,50,45,43,178,179
182,44,49,187,54,51,46,186,183,180,40,52,53,181,47,178,126,179,42
182,187,48,54,51,127,186,183,180,41,52,53,181,50,45,43,178,179
136,37,38,5,135,138,137
29,28,5,39,30
136,37,38,5,135,138,137
29,28,5,39,30
302,71,176,77,284,23,20,276,76,29,289,6,65,278,21,270,274,17,28,156,160,86,5,39,94,69,272,286,281,157,30,14,201,291,155,60,75,154,25,158,159,288,200,62
302,74,261,136,93,175,77,280,282,18,16,24,59,279,285,290,199,37,15,296,162,161,38,198,167,5,273,166,13,22,61,85,271,70,135,197,277,138,275,165,163,164,137,268,64,269,68,287,4,316,283
105,162,161,167,104,34,33,78,36,165,163,164,168
105,169,104,156,160,35,157,155,154,158,159,19
105,169,104,156,160,35,157,155,154,158,159,19
105,169,18,16,15,104,156,160,35,325,78,157,155,154,67,158,159,19
66,20,324,63,21,17,156,78
255,298,86,300,299,321,286,248,246,260
258,285,296,259,295,247,85,320,319,260,297
255,298,86,300,299,321,286,248,246,260
258,285,296,259,295,247,85,320,319,260,297
255,298,86,300,299,321,286,248,246,260
258,285,296,259,295,247,85,320,319,260,297
115,111,117,118,116,112
114,113,118,116,112
208,175,188,199,170,198,206,52,53,197,204,202,184
173,193,212,211,196,194,174,195
207,176,54,51,209,185,189,205,201,203,171,200
190,210,191,192,172
107,109,29,48,104,166,100,135,101,164,157,98,106,149,108,154,126,159,112
261,136,109,161,127,104,111,101,140,165,163,47,98,106,155,108,158,110
13,4
6,134,14
99,26,330
109,97,102,100,98,106,108,110
302,71,77,284,23,20,276,76,289,6,65,278,21,270,274,17,156,160,86,94,69,272,286,281,157,14,201,291,155,60,75,154,25,158,159,288,200,62
74,261,77,280,282,18,16,24,59,279,285,290,199,15,296,162,161,198,167,273,166,13,22,61,271,70,197,277,275,165,163,164,268,64,269,68,287,4,316,283
107,109,29,48,104,166,100,135,101,164,157,98,106,149,108,154,126,159,112
123,121,119,125
124,119,120,122
302,71,105,169,3,107,84,90,173,44,56,136,77,109,284,80,88,114,97,23,20,276,123,76,29,289,6,48,148,193,162,46,161,127,121,301,26,65,212,278,211,196,21,270,167,274,17,28,102,104,73,156,82,160,194,86,40,325,174,166,141,147,100,34,33,143,78,39,94,135,119,69,294,272,286,36,281,195,138,165,163,164,157,145,113,50,30,137,98,14,330,201,291,103,106,155,149,60,75,168,125,108,154,118,116,151,25,67,96,158,126,159,129,58,112,110,288,92,42,62
302,66,208,139,105,190,169,74,210,79,261,191,144,136,93,175,77,89,72,280,282,18,16,24,114,59,279,285,81,324,83,63,49,188,290,76,293,199,29,37,15,296,162,161,301,38,170,32,198,167,28,2,150,142,104,31,156,160,35,273,206,146,166,124,13,22,27,192,52,61,85,53,78,271,70,135,197,91,95,119,140,277,138,275,165,163,164,157,47,30,137,268,204,64,330,269,103,155,168,154,68,158,120,159,287,4,122,202,19,87,316,283,184,172
207,173,176,54,193,51,212,211,196,194,174,209,195,185,189,205,330,201,203,171,200
115,127,57,41,111,53,55,117,113,45,43,126,128
231,232,230
231,235,230,234,233
71,176,77,284,276,76,6,148,65,278,270,274,73,147,78,69,272,286,281,145,14,291,149,60,75,151,67,288,62
310,90,306,153,94,294,308,329
166,147,145,151
144,150,146
302,207,71,105,3,90,173,176,77,284,80,88,114,23,20,276,76,29,289,6,193,46,301,65,212,278,211,196,21,270,274,17,28,104,73,82,194,86,174,34,209,33,78,39,94,69,294,286,281,195,185,189,113,30,205,14,201,291,60,75,118,25,96,129,203,112,288,171,200,92,62
190,191,282,18,16,114,188,293,37,15,38,170,206,13,192,111,117,113,45,268,204,269,4,202,19,283,128
302,208,105,74,210,79,261,93,175,77,89,72,280,24,59,279,285,81,290,76,199,29,296,301,32,198,28,2,104,31,273,22,61,85,78,70,197,91,95,277,275,30,64,68,287,87,316,184,172
107,109,29,48,104,166,100,135,101,164,157,98,106,149,108,154,126,159,112
261,136,109,161,127,104,111,101,165,163,47,98,106,155,108,158,110
231,232,230,234,233
231,232,230,234,233
114,115,111,117,113,106
111
108,116,112
304,77,130,284,276,76,133,278,270,274,303,78,132,281,131,60
304,77,130,76,133,303,78,132,131
304,77,130,76,133,303,78,132,131
304,77,130,76,133,303,78,132,131
280,282,59,279,273,277,275,268,269,283
77,284,59,276,76,133,278,270,274,78,281,131,60
77,280,282,279,76,133,273,78,277,131,275,268,269,283
280,282,279,133,273,277,131,275,268,269,283
280,282,59,279,273,277,275,268,269,283
304,77,130,284,276,76,133,278,270,274,303,78,132,281,131,60
284,276,133,278,270,274,281,131
280,282,279,133,273,277,131,275,268,269,283
284,276,133,278,270,274,281,131
280,282,279,133,273,277,131,275,268,269,283
310,304,323,292,298,306,312,300,299,321,314,286,308,145,263,291,317,318,288
307,322,144,292,311,285,290,296,313,295,309,262,303,315,320,319,305,287,297,316
310,304,323,292,298,306,312,300,299,321,314,286,308,145,263,291,317,318,288
307,322,144,292,311,285,290,296,313,295,309,262,303,315,320,319,305,287,297,316
302,207,71,105,169,3,107,84,90,173,44,56,136,77,109,284,80,88,114,97,23,20,276,123,76,29,289,6,148,193,162,46,161,127,121,301,65,212,278,211,196,21,270,167,274,17,28,102,104,73,156,82,160,194,86,40,325,174,166,141,147,100,34,209,33,143,78,39,94,135,119,69,294,272,286,36,281,195,138,165,163,164,157,145,189,113,30,137,98,14,201,291,103,106,155,149,60,75,168,125,108,154,118,116,151,25,67,96,158,126,159,129,203,58,112,110,288,200,92,42,62
239,240,238,244,248,245,243
239,240,238,244,248,245,243
239,240,238,244,248,245,243
239,240,238,244,248,245,243
261,136,109,161,127,104,111,101,140,165,163,47,98,106,155,108,158,110
264
255,241,253,250,248,251,246,260
258,259,247,249,250,254,260,252,242
66,139,63,142,140
148,141,143,149,67
208,210,84,79,90,292,93,89,311,88,81,324,83,293,289,153,82,86,312,325,300,85,94,95,294,320,152,96,329,87,172
84,304,90,173,292,93,89,80,311,88,81,324,83,293,289,212,211,153,82,86,312,325,174,300,209,85,94,95,294,320,328,152,96,87
208,210,304,79,90,173,292,93,89,80,311,88,81,324,83,293,289,212,211,153,82,86,312,325,174,300,209,85,303,94,95,294,320,185,152,96,329,87,184,172
123,121,119,125
302,66,208,139,105,190,169,74,210,79,261,191,144,136,93,77,89,72,280,282,18,16,24,114,59,279,285,81,324,83,63,188,290,76,293,199,29,37,15,296,162,161,301,38,32,198,167,28,2,150,142,104,31,156,160,35,273,206,146,166,124,13,22,192,57,61,85,111,78,271,70,135,197,91,95,119,140,277,138,275,165,163,164,157,117,113,30,137,45,268,64,269,155,168,154,68,158,120,159,287,4,122,202,19,87,316,283,128,172
123,121,124,119,125,120,122
302,207,71,3,90,173,284,88,114,23,20,276,289,6,193,301,65,212,278,211,196,21,270,274,17,73,194,86,174,209,39,94,69,286,281,195,189,113,14,201,103,118,25,96,203,112,200
302,208,190,210,191,93,89,72,280,282,18,16,24,114,279,285,188,199,37,15,296,301,38,198,2,273,206,13,22,192,85,111,70,197,95,277,275,117,113,268,64,269,68,4,202,19,87,316,283,172
44,56,46,40,118,116,126,129,58,112,42
115,127,57,41,111,55,117,45,43,128
114,46,113,103,118,129,112
148,37,38,5,147,36,145,149,151
35,39
161,167,166,165,163,164,168
169,144,150,160,5,146,157,155,154,158,159
124,119,120,122
123,121,119,125
314,267
105,136,271,135,138,137,64
105,29,65,28,272,30
255,241,253,250,248,251,246,260
258,259,247,249,250,254,260,252,242
139,214,18,16,213,37,15,38,32,142,31,140,19
214,20,213,21,17,141,34,33,39
219
218,217,219
219
218,217,219
302,72,76,29,289,28,86,5,325,94,30,168
302,169,261,136,93,324,73,5,85,135,138,137
310,304,323,292,298,306,312,300,299,321,314,286,308,145,263,291,317,318,288
107,44,56,109,46,40,101,108,154,118,116,126,58,112,42
109,115,127,57,41,111,101,55,117,45,43,106,110
231,232,230
231,235,230,234,233
302,66,208,139,105,190,169,74,210,79,261,191,144,136,93,77,89,72,280,282,18,16,24,114,59,279,285,81,324,83,63,188,115,290,76,293,199,29,37,15,296,162,161,127,301,38,32,198,167,28,2,150,142,104,31,156,160,35,273,206,146,166,124,13,22,192,57,41,61,85,111,78,271,70,135,197,91,95,119,140,277,138,275,165,163,164,157,55,117,113,30,137,45,268,43,64,269,103,155,168,154,68,158,126,120,159,287,4,122,202,19,87,316,283,128,172
139,214,18,16,213,37,15,38,142,140,19
239,240,238,244,245,243
239,240
239,257,240
239,257,240,238,244,245,243
114,115,111,117,113
114,115,111,117,113
114,115,111,117,113
302,207,71,105,169,3,107,84,90,173,44,56,136,77,109,284,80,88,114,97,23,20,276,123,76,29,289,6,148,193,162,46,161,127,121,301,65,212,278,211,196,21,270,167,274,17,28,102,104,73,156,82,160,194,86,40,325,174,166,141,147,100,34,209,33,143,78,39,94,135,119,69,294,272,286,36,281,195,138,165,163,164,157,145,189,113,30,137,98,14,201,291,103,106,155,149,60,75,168,125,108,154,118,116,151,25,67,96,158,126,159,129,203,58,112,110,288,200,92,42,62
32,31
214,213,34,33
214,20,213,21,17,141,34,33,143,39
310,84,90,81,83,306,82,94,294,308,329
127
126
127
182,54,51,186,183,181
127
107,109,29,48,104,166,100,135,101,164,157,98,106,149,108,154,126,159,112
261,136,109,161,127,104,111,101,165,163,47,98,106,155,108,158,110
5
5
237,235,229,234,233
237,235,229,234,233
237,232,229
237,235,229,234,233
237,236,232,229
227,223,221,225
222,228,224,226
237,235,229,234,233
237,232,229
310,304,323,292,298,306,312,300,299,321,314,286,308,145,263,291,317,318,288
239,240,238,244,248,245,243
239,257,240,238,244,248,245,243
239,240,238,244,248,245,243
239,240,238,244,248,245,243
239,240,238,244,245,243
239,257,240,238,244,245,243
238,244,245,243
238,244,245,243
239,240,238,248,245
239,240,238,244,248,245,243
97,102,157,137
261,136,109,161,127,104,111,101,140,165,163,47,98,106,155,108,158,110
105,173,193,121,212,211,196,28,174,100,119,101,195,157,50,103,125,158
105,190,210,191,99,49,28,124,192,100,119,101,157,103,158,120,172
105,97,102,194,101
105,97,28,102,100,101,137
207,54,51,209,189,201,203,200
101,158
208,188,199,198,206,52,53,197,202
97,102,100,101,157,137
105,97,102,194,101
105,97,28,102,100,101,137
107,109,29,48,104,166,135,164,98,106,149,108,154,126,159,112
261,136,161,127,104,111,140,165,163,47,137,155
124,119,120,122
123,121,119,125
242
241
242
241
242
241
105,173,193,121,212,211,196,174,100,119,101,195,157,50,103,125
105,190,210,191,99,49,28,124,192,119,101,103,158,120,172
107,109,29,48,104,166,100,135,101,164,157,98,106,149,108,154,126,159,112
249
238
238
249
169,144,23,150,160,146,39,157,201,155,154,25,158,159,200
271,134
271,134
66,74,144,175,77,72,280,282,59,279,285,63,290,76,296,150,273,146,13,61,78,271,70,277,275,268,269,287,4,316,283
23,5,25
24,22
238,245,243
94,294
105,77,80,76,29,46,28,104,82,34,33,78,294,30,291,60,75,129,288,92,62
105,74,79,261,77,59,81,290,76,293,29,32,28,104,31,61,78,91,30,45,287,128
139,74,144,136,83,63,150,142,104,146,61,135,140,138,137
255,298,86,300,299,321,286,248,246,260
239,240
239,257,240
239,240
239,257,240
101,158
302,169,74,261,93,77,280,282,18,16,24,59,279,285,290,199,37,15,296,162,161,38,32,198,167,104,31,156,160,35,273,166,13,22,61,85,78,70,197,277,275,165,163,164,157,268,269,155,154,68,158,159,287,4,19,316,283
302,71,105,77,284,23,20,276,76,289,6,162,161,278,21,270,167,274,17,104,156,160,86,34,33,78,39,94,69,286,36,281,165,163,164,157,14,201,291,155,60,75,168,154,25,158,159,288,200,62
114,113
66,74,144,77,72,280,282,59,279,285,63,290,76,296,150,273,146,13,61,78,271,70,277,275,268,269,287,4,316,283
265
222,223,221,224
227,223,221,225
222,228,224,226
227,221,225
222,228,224,226
222,221,225,226
227,223,221,225
222,228,224,226
227,223,221,225
222,221,225,226
222,228,224,226
222,221,225,226
266
266
264,257,306,278,274,315,260,87,316
88,255,259,273,277,317,305
266
255,298,86,300,299,321,286,248,246,260
255,298,86,300,299,321,286,248,246,260
258,285,296,259,295,85,320,319,260,297
107,109,29,48,135,101,50,106,108,154,159
261,136,109,49,29,101,47,137,106,108,158,110
107,44,56,109,46,40,101,108,154,118,116,126,58,112,42
109,115,127,57,41,111,101,55,117,45,43
44,56,46,40,118,116,126,129,58,112,42
115,127,57,41,111,55,117,45,43,128
115,57,111,117,106
108,118,112
169,162,161,167,156,160,272,36,165,163,164,157,155,168,154,67,158,159
66,169,63,162,161,167,156,160,35,166,271,165,163,164,157,155,168,154,158,159
99,26,330
27,330
84,261,136,76,148,104,166,141,147,143,135,138,145,137,149,75,168,151,62
187,180,52,53,178,179
182,54,51,186,183,181
325,166,147,143,36
139,35,5,141,140
139,141,140,36
324,142,35,5,146
84,136,148,141,143,135,138,137,149
139,136,83,142,135,140,138,137
222,226
221,225
257,327,326
327,326
257,327,326
327,326
5
66,20,324,63,162,161,21,167,17,156,34,33,36,165,163,164,168
169,18,16,32,31,156,160,35,325,157,155,154,67,158,159,19
66,169,144,136,23,20,324,63,21,17,150,156,160,146,78,135,138,157,137,201,155,154,25,158,159,200
18,16,24,199,29,148,15,162,161,167,28,325,166,22,147,78,197,165,163,164,145,30,149,168,151,67
222,228,237,235,229,234,233,224,226
227,223,221,237,236,232,225,229
173,193,121,212,211,196,174,119,195,50,103,125
190,210,191,49,124,192,119,103,120,172
105,97,28,104,101,165,163,120
49,102,100,98,120
121,102,100,50,98
207,176,54,51,209,185,189,205,201,203,171,200
208,175,188,199,170,198,206,52,53,197,204,202,184
105,97,28,102,104,100,119,101,165,163,98,103
105,97,29,102,104,194,100,119,101,164,98,103
105,97,28,102,104,100,119,101,165,163,98,103
105,97,29,102,104,194,100,119,101,164,98,103
105,97,29,28,102,104,100,119,101,165,163,164,98,103
218,217
261,44,56,49,46,40,47,126,42
48,127,41,55,50,45,43
261,44,56,49,46,40,47,126,42
48,127,41,55,50,45,43
173,193,121,212,211,196,194,174,195,125
190,210,191,124,192,120,172
173,193,121,212,211,196,194,174,195,125
190,210,191,124,192,120,172
190,210,191,124,192,120,172
173,193,121,212,211,196,194,174,195,125
219
219
218,217,219
139,74,261,144,136,324,83,63,150,142,104,146,61,135,140,138,137,45
84,136,76,148,46,104,325,166,141,147,143,135,138,145,137,149,75,168,151,62
169,84,173,136,80,212,211,73,82,174,209,135,138,137,96,92
208,210,79,72,81,83,76,29,28,91,95,30,168,172
169,84,173,136,80,212,211,73,82,174,209,135,138,137,96,92
208,210,79,72,81,83,76,29,28,91,95,30,168,172
105,169,3,84,90,173,136,80,88,29,301,65,212,211,28,73,82,174,209,135,272,138,185,30,137,96,92
208,105,210,79,136,89,72,81,83,76,29,301,28,2,271,135,91,95,138,30,137,64,168,87,184,172
169,84,173,136,80,212,211,73,82,174,209,135,138,137,96,92
208,210,79,72,81,83,76,29,28,91,95,30,168,172
324,142,146
325,166,147,143
139,169,144,18,16,15,32,150,31,156,160,35,140,157,155,154,158,159,19
20,148,162,161,21,167,17,156,141,34,33,36,165,163,164,145,149,168,151
139,169,144,18,16,15,150,156,160,35,5,140,157,155,154,158,159,19
20,148,162,161,21,167,17,156,5,141,36,165,163,164,145,149,168,151
324,34,33
66,139,144,63,150,140
148,141,145,149,151,67
257,327,326
327,326
255,241,253,250,248,251,246,260
255,241,253,250,248,251,246,260
258,259,247,249,250,254,260,252,242
258,259,247,249,250,254,260,252,242
235,234,233
232
237,235,229,234,233
237,232,229
310,84,323,90,88,306,153,82,325,321,94,294,308,152,317,96,329,318
307,322,93,89,81,324,83,293,153,309,315,95,320,328,319,152,305,87,316
66,74,144,77,72,280,282,59,279,285,63,290,76,296,150,273,146,13,61,78,271,70,277,275,268,269,287,4,316,283
66,84,136,63,135,138,137
136,83,135,138,137,67
66,74,144,175,72,59,285,63,290,296,150,146,61,70,287,316
13,4
6,134,14
169,162,161,167,156,160,272,36,165,163,164,157,155,168,154,67,158,159
169,136,83,162,161,167,156,160,35,166,271,135,138,165,163,164,157,137,155,168,154,158,159
231,236,232,230
231,235,230,234,233
264
264
257,306,278,274,315,260,87,316
88,264,255,259,273,277,317,260,305
325,166,147,143,36
324,142,35,5,146
139,169,32,31,156,160,325,140,157,155,154,158,159
324,162,161,167,156,141,34,33,165,163,164,168
144,18,16,15,150,19
20,148,21,17,145,149,151
32,31,325
324,34,33
139,35,5,141,140
32,31,325
139,169,32,31,156,160,325,140,157,155,154,158,159
324,162,161,167,156,141,34,33,165,163,164,168
20,148,162,161,21,167,17,156,141,36,165,163,164,145,149,168,151
139,169,144,18,16,15,150,156,160,35,5,140,157,155,154,158,159,19
227,223,221,225
222,228,224,226
49,29,104,100,164,137,98
104,165,163,50,98
105,97,28,102,100,101,137
325,166,147,145,151
144,324,150,146
18,16,15,325,78,67
66,20,324,63,21,17,156,78
258,231,236,259,232,238,230,247,250,244,254,260,252,245,242,243
231,235,230,234,233
231,255,241,253,257,235,230,250,244,248,234,251,246,233,260,245,243
255,241,253,257,250,244,248,251,246,260,245,243
258,259,238,247,250,244,254,260,252,245,242,243
258,231,236,259,232,238,230,247,250,244,254,260,252,245,242,243
231,255,241,253,257,235,230,250,244,248,234,251,246,233,260,245,243
77,284,276,76,278,270,274,78,281
222,228,218,235,224,226
239,258,231,220,236,259,240,238,230,247,250,244,254,219,260,252,245,242,243
227,223,218,217,221,237,236,232,225,229
222,228,218,235,219,224,226
227,223,218,217,221,237,236,232,225,229,219
222,228,218,220,235,219,224,226
227,223,218,217,221,220,237,236,232,225,229,219
255,324,257,315,95,248,246,260,287,87,316
256,88,255,259,325,247,317,96,260,318,288
222,227,223,228,239,258,182,44,218,231,217,255,241,221,253,49,257,187,220,237,48,54,51,46,236,186,183,259,232,216,240,180,40,235,238,225,230,247,41,52,249,53,250,229,244,254,248,181,47,50,45,234,251,43,215,246,233,178,219,260,252,224,245,242,226,179,243,42
237,235,229,234,233
237,232,229
105,190,210,191,99,49,28,124,192,119,101,103,158,120,172
105,173,193,121,212,211,196,174,100,119,101,195,157,50,103,125
121,102,100,119,98,103
102,100,119,98,103,120
299,297
298,300,299,263
261,296,295,262,297
214,24,199,37,162,38,198,22,197,165
23,39,165,201,25,200
310,304,323,292,298,306,312,300,299,321,314,286,308,145,263,291,317,318,288
307,322,144,292,311,285,290,296,313,295,309,262,303,315,320,319,305,287,297,316
153
261,153,262,85
302,72,76,29,289,28,86,325,94,30,168
280,282,279,273,277,275,268,269,283
284,276,278,270,274,281
105,97,102,194,101
105,97,28,102,100,101,137
218,217
250
250
255,241,253,250,248,251,246,260
258,259,247,249,250,254,260,252,242
258,259,249,260,242
114,113,118,116,112
111,117
108,118,116,58,112
261,44,56,49,46,40,47,126,42
227,223,221,225
222,221,225,226
222,228,224,226
257,327,326
327,326
257,327,326
327,326
302,208,190,210,191,93,89,72,280,282,18,16,24,114,279,285,188,199,37,15,296,301,38,198,2,273,206,13,22,192,85,111,70,197,95,277,275,117,113,268,64,269,68,4,202,19,87,316,283,172
302,207,71,3,90,173,284,88,114,23,20,276,289,6,193,301,65,212,278,211,196,21,270,274,17,73,194,86,174,209,39,94,69,286,281,195,189,113,14,201,118,25,96,203,112,200
105,169,77,80,29,162,161,167,28,156,82,160,34,33,78,294,272,36,165,163,164,157,30,291,155,60,154,67,158,159,129,288,92
66,105,169,79,77,59,81,290,76,293,29,162,161,32,167,28,31,156,160,35,166,78,271,91,165,163,164,157,30,155,168,154,158,159,287,128
76,46,104,75,168,62
84,136,148,141,143,135,138,137,149
139,136,83,142,135,140,138,137
71,77,284,276,76,6,148,278,270,274,73,147,78,272,286,281,145,14,291,149,60,75,151,67,288,62
258,231,236,259,232,238,230,247,250,244,254,260,252,245,242,243
231,255,241,253,257,235,230,250,244,248,234,251,246,233,260,245,243
66,74,144,77,72,280,282,59,279,285,63,290,76,296,150,273,146,13,61,78,271,70,277,275,268,269,287,4,316,283
239,240
239,257,240
66,169,144,136,23,20,324,63,21,17,150,156,160,5,146,78,135,138,157,137,201,155,154,25,159,200
18,16,24,199,29,148,15,162,161,198,167,28,5,325,166,22,147,78,197,165,163,164,145,30,149,168,151,67
218,217
218,217
218,217
218,217
84,136,148,141,143,135,138,137,149
139,136,83,142,135,140,138,137
144,63,150,146
76,46,104,75,168,62
74,261,63,104,61,45
105,169,77,80,29,162,161,167,28,156,82,160,34,33,78,294,272,36,165,163,164,157,30,291,155,60,154,67,158,159,129,288,92
66,105,169,79,77,59,81,290,76,293,29,162,161,32,167,28,31,156,160,35,166,78,271,91,165,163,164,157,30,155,168,154,158,159,287,128
238,245,243
231,236,232,230
231,235,230,234,233
302,84,90,292,311,88,289,301,153,82,86,325,300,303,94,294,320,152,96,329
218,217
323,88,325,321,152,317,96,318
322,324,315,95,320,319,152,87,316
323,88,325,321,152,317,96,318
322,324,315,95,320,319,152,87,316
280,282,279,273,277,275,268,269,283
284,276,278,270,274,281
280,282,279,133,273,277,131,275,268,269,283
284,276,133,278,270,274,281,131
238,244,248,245,243
257,238,244,248,245,243
235,234,233
232
313,314
278,281
280,279,277
278,281
280,279,277
214,24,199,37,162,38,198,22,197,165
23,5,39,165,201,25,200
302,169,74,261,93,77,280,282,18,16,24,59,279,285,290,199,37,15,296,162,161,38,32,198,167,104,31,156,160,35,273,166,13,22,61,85,78,70,197,277,275,165,163,164,157,268,269,155,154,68,158,159,287,4,19,316,283
302,71,105,77,284,23,20,276,76,289,6,162,161,278,21,270,167,274,17,104,156,160,86,34,33,78,39,94,69,286,36,281,165,163,164,157,14,201,291,155,60,75,168,154,25,158,159,288,200,62
105,169,3,84,90,173,136,80,88,29,301,65,212,211,28,73,82,174,209,135,272,138,30,137,96,92
208,105,210,79,136,89,72,81,83,76,29,301,28,2,271,135,91,95,138,30,137,64,168,87,172
105,169,3,84,90,173,136,80,88,29,301,65,212,211,28,73,82,174,209,135,272,138,30,137,96,92
302,71,77,284,23,20,276,76,289,6,162,161,278,21,270,167,274,17,104,156,160,86,34,33,78,39,94,69,286,36,281,165,163,164,157,14,201,291,155,60,75,168,154,25,158,159,288,200,62
302,169,74,261,93,77,280,282,18,16,24,59,279,285,290,199,37,15,296,162,161,38,32,198,167,104,31,156,160,35,273,166,13,22,61,85,78,70,197,277,275,165,163,164,157,268,269,155,154,68,158,159,287,4,19,316,283
208,105,210,79,136,89,72,81,83,76,29,301,28,2,271,135,91,95,138,30,137,64,168,87,184,172
208,105,210,79,136,89,72,81,83,76,29,301,28,2,271,135,91,95,138,30,137,64,168,87,172
105,169,3,84,90,173,136,80,88,29,301,65,212,211,28,73,82,174,209,135,272,138,185,30,137,96,92
208,105,210,79,136,89,72,81,83,76,29,301,28,2,271,135,91,95,138,30,137,64,168,87,172
231,236,232,230
231,235,230,234,233
32,31
214,213,34,33
24,199,148,37,162,161,38,198,167,166,22,147,197,165,163,164,145,149,168,151
169,144,23,150,160,146,39,157,201,155,154,25,158,159,200
153,94,294
182,44,49,187,54,51,46,186,183,180,40,52,53,181,47,178,126,179,42
182,187,48,54,51,127,186,183,180,41,52,53,181,50,45,43,178,179
227,223,221,225
187,180,52,53,178,179
182,54,51,186,183,181
314,185
313,184
302,208,210,79,261,93,89,81,324,83,293,301,85,91,95,87,172
302,84,90,173,80,88,289,301,212,211,82,86,325,174,209,94,294,96,92
311,312,91,92
235,234,233
235,234,233
13,4
71,77,284,276,76,6,148,278,270,274,73,147,78,272,286,281,145,14,291,149,60,75,151,67,288,62
6,134,14
13,4
6,134,14
302,208,210,79,261,93,81,324,83,85,91,95,172
302,84,173,80,289,212,211,82,86,325,174,209,94,96,92
310,304,323,292,298,306,312,300,299,321,314,286,308,145,263,291,317,318,288
307,322,144,292,311,285,290,296,313,295,309,262,303,315,320,319,305,287,297,316
136,37,38,5,135,138,137
265
265
105,97,29,121,104,194,101,164
24,199,148,37,162,161,38,198,167,166,22,147,197,165,163,164,145,149,168,151
169,144,23,150,160,146,39,157,201,155,154,25,158,159,200
307,89,309,328,305
310,90,306,153,308,329
44,49,46,40,47,126,42
48,127,41,50,45,43
219
219
208,210,79,72,81,83,76,29,28,5,91,95,30,168,172
169,84,173,136,80,212,211,73,82,5,174,209,135,138,137,96,92
222,223,221,224
227,223,221,225
222,228,224,226
227,223,221,225
222,223,221,224
222,228,224,226
222,223,221,224
222,223,221,224
222,223,221,224
264
264
264
264
44,49,187,46,180,40,52,53,47,178,179,42
182,48,54,51,186,183,41,181,50,45,43
44,49,187,46,180,40,52,53,47,178,179,42
182,48,54,51,186,183,41,181,50,45,43
264
264
255,298,86,300,299,321,286,248,246,260,58
258,285,296,259,295,57,247,85,320,319,260,297
255,298,86,300,299,321,286,248,246,260,58
258,285,296,259,295,57,247,85,320,319,260,297
282,279,276,274,268
282,279,273,275,268
213
214,199,213,162,198,35,197,36,165,201,200
214,213,162,156
213,156
214,213,162,156
214,20,213,21,17,35,5,146,39
18,16,37,15,38,166,147,36,19
213,156
292,285,289,296,298,295,153,86,300,299,85,286,145,291,287,297,288
144,292,285,290,296,298,295,153,86,300,299,85,286,287,297,288
292,289,298,153,86,300,299,85,286,145,263,291,288
292,285,289,296,298,295,153,86,300,299,85,286,145,287,297,288
144,292,285,290,296,298,295,153,86,300,299,85,286,287,297,288
302,304,261,292,93,89,81,324,83,293,301,153,312,300,85,95,320,328,152,87
302,84,90,292,311,88,289,301,153,82,86,325,300,303,94,294,320,152,96,329
302,292,289,298,301,153,86,300,299,286,145,263,291,288
302,261,144,292,285,290,296,301,295,153,262,85,287,297
144,292,285,290,296,298,295,153,86,300,299,85,286,287,297,288
292,285,289,296,298,295,153,86,300,299,85,286,145,291,287,297,288
302,304,261,292,93,89,81,324,83,293,301,153,312,300,85,95,320,328,152,87
302,84,90,292,311,88,289,301,153,82,86,325,300,303,94,294,320,152,96,329
231,232,230
231,235,230,234,233
231,235,234,233
231,232
231,235,234,233
231,232
231,232,230,234,233
231,232,230,234,233
231,232,230
231,235,230,234,233
236
314,267
313,267
238,244,245
258,231,236,259,232,238,230,247,250,244,254,260,252,245,242,243
231,255,241,253,257,235,230,250,244,248,234,251,246,233,260,245,243
238,244,245
238,244,245
238,245,243
238,245,243
324,153,94,95,294,152,329
139,74,144,136,83,63,150,142,104,146,61,135,140,138,137
84,261,136,76,148,104,166,141,147,143,135,138,145,137,149,75,168,151,62
144,18,16,15,150,19
20,148,21,17,145,149,151
139,169,32,31,156,160,140,157,155,154,158,159
162,161,167,156,141,34,33,165,163,164,168
5
302,207,71,3,90,173,284,88,114,23,20,276,289,6,193,301,65,212,278,211,196,21,270,274,17,73,194,86,174,209,39,94,69,286,281,195,189,113,14,201,103,118,25,96,203,112,200
227,223,221,225
222,226
222,228,224,226
221,225
222,221,225,226
216
216
216
216
216
216
107,44,56,109,97,127,102,40,100,98,106,108,116,126,58,110,42
115,127,57,41,55,43,103,126
107,109,29,48,104,166,135,164,98,106,149,108,154,159,112
261,136,161,104,111,140,165,163,47,137,155
207,105,107,173,109,97,29,48,54,193,51,121,26,212,211,196,102,104,194,174,166,100,209,135,119,195,157,189,50,98,330,201,103,106,149,125,108,154,159,203,112,200
208,105,190,210,191,136,49,188,199,161,198,28,104,206,124,27,192,52,111,53,197,119,140,165,163,47,137,330,103,155,158,120,202,172
107,109,29,48,135,101,50,106,108,154,159
261,136,109,49,29,101,47,137,106,108,158,110
107,109,29,48,104,166,100,135,101,164,157,98,106,149,108,154,126,159,112
261,136,109,161,127,104,111,101,165,163,47,98,106,155,108,158,110
255,241,253,250,248,251,246,260
258,259,247,249,250,254,260,252,242
255,241,253,250,248,251,246,260
258,259,247,249,250,254,260,252,242
238,244,245
238,244,245
238,244,245,243
238,244,243
238,244,245,243
238,245,243
238,245,243
307,261,324,257,262,315,95,248,246,260,287,87,316
261,88,255,259,325,247,308,263,317,96,260,318,288
105,169,104,156,160,35,157,155,154,158,159,19
105,162,161,167,104,34,33,78,36,165,163,164,168
227,223,218,217,221,237,236,232,225,229,219
314
313
27,330
99,26,330
99,26,330
27,330
304,77,130,76,133,303,78,132,131
280,282,59,279,273,277,275,268,269,283
304,77,130,284,276,76,133,278,270,274,303,78,132,281,131,60
71,176,77,284,276,76,148,278,270,274,73,147,78,286,281,145,291,149,60,75,151,67,288,62
304,77,280,282,130,59,279,76,133,273,303,78,132,277,131,275,268,269,283
304,130,133,303,132,131,60
71,304,323,176,77,280,282,130,284,279,276,76,148,133,65,278,270,274,73,273,13,147,303,321,78,271,69,132,286,277,281,131,275,145,268,134,269,291,149,75,151,317,67,4,318,288,283,62
66,307,322,74,304,144,292,175,72,130,311,285,63,290,6,296,313,133,295,150,309,146,61,303,70,315,272,132,131,320,319,134,14,64,68,305,287,297,316
310,304,323,292,77,280,282,130,279,76,148,298,133,306,65,73,273,312,13,300,147,299,303,321,78,271,314,69,132,286,277,308,131,275,145,268,134,269,291,149,75,151,317,67,4,318,288,283,62
66,307,322,74,304,144,292,72,130,311,285,63,290,6,296,313,133,295,150,309,146,61,303,315,272,132,131,319,134,14,64,68,305,287,297,316
77,284,276,76,278,270,274,78,281
304,77,130,76,133,303,78,132,131
255,241,253,257,238,250,244,248,251,246,260,245,243
258,259,238,247,249,250,244,254,260,252,245,242,243
255,241,253,257,238,250,244,248,251,246,260,245,243
258,259,238,247,249,250,244,254,260,252,245,242,243
27,330
255,241,253,250,248,251,246,260
258,259,247,249,250,254,260,252,242
310,90,306,308,329
307,89,309,328,305
310,90,306,308,329
307,89,309,328,305
161,167,166,165,163,164,168
169,144,150,160,5,146,157,155,154,158,159
161,167,166,165,163,164,168
169,214,144,150,160,5,146,157,155,154,158,159
148,37,38,5,147,36,145,149,151
214,35,39
256,310,90,306,329
307,261,324,257,262,315,95,248,246,260,287,87,316
310,90,306,308,329
256,88,255,259,325,247,317,96,260,318,288
307,89,309,328,305
89,255,309,328,305
256,310,90,306,329
89,255,309,328,305
124,119,120,122
256,310,266,90,89,280,282,88,264,255,279,276,257,306,259,278,274,309,273,265,315,277,281,275,328,268,317,329,260,305,267,87,316
105,169,3,84,90,173,136,80,88,29,301,65,212,211,28,73,82,174,209,135,272,138,30,137,96,92
207,54,51,209,189,201,203,200
208,188,199,198,206,52,53,197,202
258,285,296,259,295,247,85,320,319,260,297
255,298,86,300,299,321,286,248,246,260
258,285,296,259,295,247,85,320,319,260,297
66,63,67
105,173,193,121,212,211,196,174,100,119,101,195,157,50,103,125
105,190,210,191,99,49,28,124,192,119,101,103,158,120,172
71,77,284,276,76,6,148,278,270,274,73,147,78,272,286,281,145,14,291,149,60,75,151,67,288,62
236
222,228,237,235,229,234,233,224,226
227,223,218,217,221,237,236,232,225,229
231,236,232,230
231,235,230,234,233
272,64,68
114,115,127,57,41,111,55,117,113,45,43,128
44,114,46,40,113,118,116,126,129,58,112,42
44,56,46,40,118,116,126,129,58,112,42
115,127,57,41,111,55,117,45,43,128
44,56,46,40,118,116,126,129,58,112,42
115,127,57,41,111,55,117,45,43,128
44,56,46,40,118,116,126,129,58,112,42
115,127,57,41,111,117,45,43,128
44,56,114,46,40,113,118,116,126,129,58,112,42
114,115,127,57,41,111,55,117,113,45,43,128
18,16,24,199,148,37,15,162,161,38,198,167,325,166,22,147,78,197,165,163,164,145,149,168,151,67
66,169,144,23,20,324,63,21,17,150,156,160,146,78,39,157,201,155,154,25,158,159,200
65,13,271,69,134,4
6,272,134,14,64,68
207,54,51,209,189,201,203,200
208,188,199,198,206,52,53,197,202
304,77,130,76,133,303,78,132,131
304,77,280,282,130,59,279,76,133,273,303,78,132,277,131,275,268,269,283
304,77,130,284,276,76,133,278,270,274,303,78,132,281,131,60
304,77,130,76,133,303,78,132,131
280,282,59,279,273,277,275,268,269,283
284,276,278,270,274,281,60
304,77,130,76,133,303,78,132,131
304,77,130,76,133,303,78,132,131
255,241,253,250,248,251,246,260
258,259,247,249,250,254,260,252,242
84,136,148,141,143,135,138,137,149
139,136,83,142,135,140,138,137
284,276,278,270,274,281,60
107,109,29,48,135,101,50,106,108,154,159
261,136,109,49,29,101,47,137,106,108,158,110
231,236,232,230
231,235,230,234,233
66,139,105,169,74,79,261,144,136,77,59,81,324,83,63,290,76,293,29,162,161,32,167,28,150,142,104,31,156,160,35,146,166,61,78,271,135,91,140,138,165,163,164,157,30,137,45,155,168,154,158,159,287,128
302,71,105,77,284,23,20,276,76,289,6,278,21,270,274,17,156,160,86,39,94,69,286,281,157,14,201,291,155,60,75,154,25,158,159,288,200,62
302,74,261,93,77,280,282,18,16,24,59,279,285,290,199,37,15,296,162,161,38,198,167,273,166,13,22,61,85,70,197,277,275,165,163,164,268,269,68,287,4,316,283
310,90,306,153,94,294,308,329
24,199,148,37,162,161,38,198,167,166,22,147,197,165,163,164,145,149,168,151
237,235,229,234,233
237,232,229
237,235,229,234,233
237,232,229
302,208,190,210,191,93,89,72,280,282,18,16,24,114,279,285,188,199,37,15,296,301,38,198,2,273,206,13,22,192,85,111,70,197,95,277,275,117,113,268,64,269,68,4,202,19,87,316,283,172
302,207,71,3,90,173,284,88,114,23,20,276,289,6,193,301,65,212,278,211,196,21,270,274,17,73,194,86,174,209,39,94,69,286,281,195,189,113,14,201,118,25,96,203,112,200
187,180,52,53,178,179
182,54,51,186,183,181
66,169,144,136,23,20,324,63,21,17,150,156,160,146,78,135,138,157,137,201,155,154,25,158,159,200
18,16,24,199,29,148,15,162,161,198,167,28,325,166,22,147,78,197,165,163,164,145,30,149,168,151,67
218,217
218,217
227,223,221,225
222,228,224,226
105,169,84,136,77,80,76,29,148,162,46,161,167,28,104,156,82,160,325,166,141,147,34,33,143,78,135,294,272,36,138,165,163,164,157,145,30,137,291,155,149,60,75,168,154,151,67,158,159,129,288,92,62
66,139,105,169,74,79,261,144,136,77,59,81,324,83,63,290,76,293,29,162,161,32,167,28,150,142,104,31,156,160,35,146,166,61,78,271,135,91,140,138,165,163,164,157,30,137,45,155,168,154,158,159,287,128
139,74,144,136,83,63,150,142,104,146,61,135,140,138,137
84,136,76,148,104,166,141,147,143,135,138,145,137,149,75,168,151,62
5
231,236,232,230
231,235,230,234,233
208,188,199,198,206,52,53,197,202
307,322,144,292,311,285,290,296,313,295,309,262,303,315,320,319,305,287,297,316
266,89,280,264,255,279,257,306,278,274,309,315,277,328,260,305,267,87,316
256,310,266,90,88,255,306,259,278,273,277,281,317,329,260,305,267
266,257,306,278,274,315,260,87,316
256,310,266,90,88,264,255,306,259,278,273,277,281,317,329,260,305,267
89,280,255,279,309,277,328,305,267
89,255,309,328,305
280,279,277
256,310,266,90,88,255,306,259,273,277,329,305,267
302,71,77,284,23,20,276,76,29,289,6,65,278,21,270,274,17,28,156,160,86,5,39,94,69,272,286,281,157,30,14,201,291,155,60,75,154,25,158,159,288,200,62
29,28,5,39,30
105,136,5,271,135,138,137,64
29,65,28,5,272,30
169,144,23,150,160,146,39,157,201,155,154,25,158,159,200
105,97,102,194,101
105,97,28,102,100,101,137
84,136,135,138,137
148,161,167,5,166,147,165,163,164,145,149,168,151
169,214,144,150,160,5,146,157,155,154,158,159
44,49,46,40,47,126,42
48,127,41,50,45,43
324,153,94,95,294,152,329
255,241,253,250,248,251,246,260
258,259,247,249,250,254,260,252,242
250
250
258,56,255,241,253,285,296,298,259,295,86,300,57,249,299,85,321,250,286,254,320,248,319,55,251,246,260,252,242,297,58
258,259,247,249,250,254,260,252,242
105,97,49,29,102,104,194,100,101,164,98
105,97,28,102,104,100,101,165,163,50,98
310,84,90,306,82,325,308,152,96
307,89,81,324,83,309,95,152,305
74,261,63,104,61,45
84,261,136,76,148,104,141,143,135,138,137,149,75,168,62
139,74,136,83,63,142,104,325,61,135,140,138,137
139,74,144,136,83,63,150,142,104,146,61,135,140,138,137
84,136,76,148,104,166,141,147,143,135,138,145,137,149,75,168,151,62
148,147,145,149,168,151
84,136,76,148,104,166,141,147,143,135,138,145,137,149,75,168,151,62
139,74,144,136,83,63,150,142,104,146,61,135,140,138,137
84,136,76,148,104,166,141,147,143,135,138,145,137,149,75,168,151,62
84,136,76,148,104,141,143,135,138,137,149,75,168,62
139,74,136,83,63,142,104,61,135,140,138,137
139,74,144,136,83,63,150,142,104,146,61,135,140,138,137
144,63,150,146
148,147,145,149,168,151
32,31
105,162,161,167,104,34,33,78,36,165,163,164,168
231,232,230
231,235,230,234,233
215
215
144,130,148,133,65,73,147,303,69,132,131,145,134,149,75,151,67,62
66,74,304,144,72,130,63,133,150,146,61,132,131,145,134,64,68
144,130,148,133,65,73,147,303,69,132,131,145,134,149,75,151,67,62
66,74,304,144,72,130,63,133,150,146,61,132,131,145,134,64,68
310,304,323,292,77,280,282,130,279,76,148,298,133,306,65,73,273,312,13,300,147,299,303,321,78,271,314,69,132,286,277,308,131,275,145,268,134,269,291,149,75,151,317,67,4,318,288,283,62
66,307,322,74,304,144,292,72,130,311,285,63,290,6,296,313,133,295,150,309,146,61,303,315,272,132,131,319,134,14,64,68,305,287,297,316
307,322,144,292,311,285,290,6,296,313,295,309,262,303,315,272,320,319,14,305,287,297,316
310,304,323,292,77,280,282,279,76,298,306,273,312,13,300,299,321,78,271,314,286,277,308,275,145,263,268,269,291,317,4,318,288,283
66,74,304,144,175,72,130,63,133,150,146,61,132,131,145,134,64,68
144,176,130,148,133,65,73,147,303,69,132,131,145,134,149,75,151,67,62
144,130,148,133,65,73,147,303,69,132,131,145,134,149,75,151,67,62
66,74,304,144,72,130,63,133,150,146,61,132,131,145,134,64,68
144,130,148,133,65,73,147,303,69,132,131,145,134,149,75,151,67,62
66,74,304,144,72,130,63,133,150,146,61,132,131,145,134,64,68
307,322,144,292,311,285,290,6,296,313,295,309,303,315,272,319,14,305,287,297,316
51,52
182,54,51,186,183,181
182,54,51,186,183,181
187,180,52,53,178,179
182,54,51,186,183,181
51,52
272
307,322,144,292,311,285,290,296,313,295,309,262,303,315,320,319,305,287,297,316
271,134
302,208,190,210,191,93,89,72,280,282,18,16,24,114,279,285,188,199,37,15,296,301,38,198,2,273,206,13,22,192,85,111,70,197,95,277,275,117,113,268,64,269,68,4,202,19,87,316,283,172
134
71,77,284,276,76,6,148,65,278,270,274,73,147,78,69,272,286,281,145,14,291,149,60,75,151,67,288,62
5
5
5
66,74,144,77,72,280,282,59,279,285,63,290,76,296,150,273,146,13,61,78,271,70,277,275,268,64,269,68,287,4,316,283
256,310,90,306,329
220
220
220
220
255,241,253,250,248,251,246,260
258,259,247,249,250,254,260,252,242
208,188,199,198,206,52,53,197,202
207,54,51,209,189,201,203,200
255,241,253,250,248,251,246,260
258,259,247,249,250,254,260,252,242
256,88,255,259,325,247,317,96,260,318,288
255,324,257,315,95,248,246,260,287,87,316
257,306,278,274,315,260,87,316
88,255,259,273,277,317,260,305
312,92
311,91
222,228,237,235,229,234,233,224,226
227,223,218,217,221,237,236,232,225,229
32,31,78
322,93,293,153,315,320,328,319,316
322,93,293,153,315,320,328,319,87,316
327,326
327,326
77,76,78
24,22
23,25
175,170,181,204,202,184
176,180,185,205,178,203,171
153,314
153,314
153
153
105
5
5
5
5
5
208,210,76,2,5,91,95,168,172
130,131
323,88,153,321,94,294,317,329,318
323,88,153,321,94,294,317,329,318
5
5
5
323,88,325,321,152,317,96,318
322,324,153,315,95,320,319,152,87,316
271,134
272,64,68
64,68
153
153
153
153
169,3,136,212,82,5,137,96,92
5
153,314
214,213,162
222,221,225,226
222,223,221,224
222,223,221,224
282,18,16,37,15,38,13,268,269,4,19,283
153
229
250
66,139,63,142,140
148,141,143,149,67
5
257,327,326
121,119,50,103,120
121,119,50,103,120
49,121,194,119,103,120
49,121,194,119,103,120
235,234
307,93,89,293,309,328,305
310,90,306,153,94,294,308,329
307,93,89,81,83,293,309,328,305
139,74,261,144,136,324,83,63,150,142,104,146,61,135,140,138,137
133,131
114,113
194
310,90,306,153,94,294,308,329
307,93,89,293,309,328,305
105,97,121,104,194,101,164
105,97,104,101,165,163,120
93,293
93,293,325,328,152,96
105,173,97,193,121,212,211,196,102,194,174,100,119,195,157,50,103,125
105,190,210,191,99,49,28,124,192,119,103,158,120,172
220,219
220,219
121,124,125,120
239,258,231,236,259,232,240,238,230,247,250,244,254,260,252,245,242,243
239,231,255,241,253,257,220,240,235,230,250,244,248,234,251,246,233,219,260,245,243
323,88,325,321,152,317,96,318
109,97,102,100,98,106,108,110
65,271,69,134
127
126
24,199,148,37,162,161,38,198,167,166,22,147,197,165,163,164,145,149,168,151
302,301,86,325,286,152,96,288
107,56,109,101,55,43,106,108,154,129,110,42,128
285,324,85,95,287
302,301,86,325,286,152,96,288
322,324,315,95,320,319,152,87,316
285,324,85,95,287
261,109,49,101,47,106,108,110
66,20,324,63,162,161,21,167,17,156,34,33,36,165,163,164,168
169,18,16,15,32,31,156,160,35,325,157,155,154,67,158,159,19
153
255,298,86,300,299,321,286,248,246,260
256,258,255,285,296,259,295,247,85,320,319,260,297
323,88,298,300,299,321,317,318
302,322,296,301,295,315,320,319,152,297,87,316
323,257,327,326
322,327,326
302,301,86,286,288
302,285,301,85,287
302,301,86,286,288
302,285,301,85,287
302,301,86,286,288
302,285,301,85,287
302,301,86,325,286,152,96,288
89,293,301,87
294
121,125
278,281
238,244,245,243
238,244,243
238,245,243
238,245,243
238,244,245,243
238,244,243
238,244,245
238,244,245
238,244,245
238,244,245,243
238,244,245,243
239,257,240,248
238,244,245,243
238,244,245,243
272
272
285,324,85,95,287
265
107,109,48,101,50,106,108,154,159
139,214,18,16,213,37,15,38,32,142,31,140,19
214,20,213,21,17,141,34,33,143,39
238,244,245
265
231,232,230
231,235,230,234,233
302,84,90,173,80,311,88,301,212,211,82,86,325,174,209,94,294,96
222,223,221,224
238,244,245
238,244,245
238,244,245
89,301,87
302,301,86,286,288
302,285,301,85,287
302,285,301,85,287
302,301,86,286,288
302,285,301,85,287
302,301,86,286,288
302,255,257,301,86,315,286,248,152,246,260,87,316
88,255,285,259,247,85,317,260,318
126
89,255,309,328,305
256,310,90,306,329
324,142,146
239,258,231,236,259,232,240,238,230,247,250,244,254,260,252,245,242,243
231,236,232,230
231,235,230,234,233
231,235,230,234,233
231,236,232,230
231,236,232,230
231,235,230,234,233
310,292,298,306,312,300,299,314,308
238,244,245
5
5
126
222,223,221,224
222,223,221,224
127
90,88,301
222,228,237,235,229,224,226
222,228,237,235,229,224,226
227,223,218,217,221,237,236,232,225,229
227,223,218,217,221,237,236,232,225,229
222,228,237,235,229,224,226
266
227,223,218,217,221,237,236,232,225,229
282,279,273,275,268
282,279,276,274,268
282,279,273,275,268
282,279,276,274,268
265
265
238,245,243
238,245,243
282,279,276,274,268
282,279,273,275,268
144,324,150,146
325,166,147,145,151
325,166,147,143
323,88,325,321,152,317,96,318
262,263
51,52
51,52
298,300,299,263
261,296,295,262,297
214,213,162
239,240
239,257,240
264
264
239,231,220,240,230,250,244,219,260,245,243
239,231,255,241,253,257,220,240,235,230,250,244,248,234,251,246,233,219,260,245,243
220,219
220,232,219
239,231,255,241,253,257,240,235,230,250,244,248,234,251,246,233,260,245,243
187,180,52,53,178,179
55
56
56
314,267
238
173,193,212,211,196,194,174,195
324,142,146
325,166,147,143
313
313
313,267
314,267
313,267
313,267
302,169,261,136,93,324,73,85,135,138,137
238,244,245
217,237,229,234,233
237,229,234,233
199,196,192,201
222,223,221,225,224,226
257,327,326
257,327,326
238,244,245
237,235,229,234,233
237,232,229
222,223,221,225,224,226
222,228,224,226
237,235,229,233
237,236,232,229
255,298,86,300,299,321,286,248,246,260
114,113
105,97,102,194,101
285,324,85,95,287
302,301,86,325,286,152,96,288
280,279,277
278,281
220
220
237,232,229
126
127
114,113
194
169,136,83,162,161,167,156,160,35,166,271,135,138,165,163,164,157,137,155,168,154,158,159
311,91
312,92
282,279,273,275,268
249,250,254,260,242
217,219
255,241,253,250,248,251,246,260
66,139,144,324,63,150,5,140
148,141,145,149,151,67
325
153,152
153,152
153,152
325
324
114,115,111,117,113
187,127,180,52,53
182,54,51,186,183,181,126
330
330
330
330
330
222,223,221,225,224,226
58
114,57,113
58
114,57,113
58
57
26,27
0
11
282,283
284
139,38,32,142,31,39,140
9,38,141,34,33,143,39
8
8
9,16,15,7,19
9,20,21,17,7
9,18,16,15,7,19
9,20,21,17,7
9,18,16,15,7,19
9,20,21,17,7
9,20,21,17,10,12,7
9,16,15,7,19
1
8
1
8
1
283
8
282,283
284
13,0,4
6,0,14
24,13,22,0,4
23,6,0,14,25
13,0,4
23,6,0,14,25
21,141,34,33,143,39
282,283
282,283
284
8
1
139,15,38,32,142,31,140
21,141,34,33,143,39
139,15,38,32,142,31,140
21,141,34,33,143,39
8
10
23,6,272,14,25
282,283
284
282,283
284
8
9,18,16,15,10,12,7,19
9,20,21,17,10,12,7
9,18,16,15,10,12,7,19
9,20,21,17,10,12,7
11
11
39,7
37,38,7
9,18,16,15,7,19
9,20,21,17,7
11
11
9,18,16,37,15,38,19
9,20,21,17,39
139,15,38,32,142,31,140
21,141,34,33,143,39
18,16,37,19
20,17
9,18,16,37,15,38,19
9,20,21,17,39
139,9,38,32,142,31,39,140
9,38,141,34,33,143,39
32,31
8,1
8,1
283
284
15,19
11
11
11
11,1
11,8
278,281
280,279,277
282,284,283
282,279,268,269,283
284
283
0,272
0,271
0,272
32,31
214,213,34,33
279
282,279,276,274,268
282,279,273,275,268
284,276,270,274
279,270
282,273,275,268,269,283
8,1
8,1
9,38,141,143,39
9,38,141,143,39
282,279,273,275,268
1
9,18,16,15,10,12,7,19
9,20,21,17,10,12,7
9,18,16,15,10,12,7,19
9,20,21,17,10,12,7
39,7
37,38,7
39,7
37,38,7
8
8
1
9,18,16,15,7,19
10
10
1
9,11,18,16,20,6,15,8,21,17,1,13,0,10,14,12,7,4,19
9,16,20,6,15,21,17,13,0,10,14,12,7,4,19
24,13,22,0,4
23,6,0,14,25
9,18,16,37,15,38,19
9,20,21,17,39
9,18,16,37,15,38,19
9,20,21,17,39
32,31
34,33
139,15,38,32,142,31,140
0,272
0,271
24,13,22,4
23,6,14,25
24,13,22,4
23,6,14,25
11
1
24,13,22,0,272,4
23,6,14,25
0,272
24,13,22,4
0,271
24,13,22,0,271,4
24,13,22,4
23,6,14,25
23,6,0,272,14,25
24,13,22,0,272,4
23,6,14,25
13,0,4
6,0,14
37,38,7
39,7
13,0,4
6,0,14
1
139,214,18,16,213,37,15,38,142,140,19
20,21,17,141,143,39
284
282,283
284
279,270,268,269
1
6,0,14
6,0,14
13,0,4
13,0,4
6,0,14
13,0,4
13,0,4
6,0,14
13,271,134,4
6,272,14
1
8
280,279,277
278,281
283
282,283
284
283
284
284
284
284,276,270,274
282,273,275,268,269,283
282,273,275,268,269,283
284,276,270,274
282,273,275,268,269,283
284,276,270,274
282,273,275,268,269,283
284,276,270,274
282,273,275,268,269,283
284,276,270,274
280,282,279,273,277,275,268,269,283
284,276,278,270,274,281
1
1
24,13,271,4
8
1
34,33
282,283
279,273,275,268
282,284,283
24,13,22,0,4
23,6,0,14,25
24,13,22,0,4
23,6,0,14,25
24,13,22,0,4
23,6,0,25
139,142,140
139,38,142,39,140
284
9,18,16,15,7,19
39,7
37,38,7
37,38,7
39,7
9,20,21,17,7
0,271
0,271
283
24,22
23,6,25,4
32
32
34
34
9,18,16,15,7,19
24,6,22,4
23,6,25,4
9,20,21,17,7
6,0,14
13,0,4
282,279,268,269,283
39,7
37,38,7
12
12
12
12
10
10,12
10,12
284
34,33
32,31
11
11
282,279,276,274,268
9,20,6,21,17,0,10,14,12,7
9,16,15,13,0,10,12,7,4,19
207,173,176,187,193,212,211,196,194,174,209,177,195,185,189,201,203,171,200
208,190,210,191,175,188,199,186,170,198,206,192,197,177,202,184,172
173,174,177
172
188,172
187,180,52,53,178,179
182,54,51,186,183,181
207,173,54,193,51,212,211,196,194,174,209,195,189,201,203,200
208,190,210,191,188,199,198,206,192,52,53,197,202,172
176,175,170,180,185,181,205,204,178,203,202,171,184
207,173,176,187,193,212,211,196,194,174,209,177,195,185,189,201,203,171,200
208,190,210,191,175,188,199,186,170,198,206,192,197,177,202,184,172
231,232,230,233
231,232,230,233
257
257
207,173,187,193,212,211,196,194,174,209,177,195,189,201,203,200
208,190,210,191,188,199,186,198,206,192,197,177,202,172
242
241
207,173,187,193,212,211,196,194,180,174,209,177,195,189,201,178,203,200
208,190,210,191,188,199,186,198,206,192,197,177,181,202,172
207,173,176,187,193,212,211,196,194,174,209,177,195,185,189,201,203,171,200
208,190,210,191,175,188,199,186,170,198,206,192,197,177,202,184,172
207,173,176,187,193,212,211,196,194,174,209,177,195,185,189,201,203,171,200
208,190,210,191,175,188,199,186,170,198,206,192,197,177,202,184,172
187,180,52,53,178,179
186,180,172
182,54,51,186,183,177,181
207,173,187,193,212,211,196,194,174,209,177,195,189,201,203,200
208,190,210,191,188,199,186,198,206,192,197,177,202,172
207,173,176,187,193,212,211,196,194,174,209,177,195,185,189,201,203,171,200
208,190,210,191,175,188,199,186,170,198,206,192,197,177,202,184,172
187,180,52,53,178,179
182,54,51,186,183,181
257
187,180,52,53,178,179
51,183
182,54,51,186,183,181
207,173,187,193,212,211,196,194,174,209,177,195,189,201,203,200
208,190,210,191,188,199,186,198,206,192,197,177,202,172
207,173,176,187,193,212,211,196,194,174,209,177,195,185,189,201,203,171,200
208,190,210,191,175,188,199,186,170,198,206,192,197,177,202,184,172
207,173,176,187,193,212,211,196,194,174,209,177,195,185,189,201,203,171,200
208,190,210,191,175,188,199,186,170,198,206,192,197,177,202,184,172
241,257
257,242
257
207,173,187,193,212,211,196,194,174,209,177,195,189,201,203,200
208,190,210,191,188,199,186,198,206,192,197,177,202,172
242
241
207,173,176,187,193,212,211,196,194,174,209,177,195,185,189,201,203,171,200
208,190,210,191,175,188,199,186,170,198,206,192,197,177,202,184,172
207,173,176,187,193,212,211,196,194,174,209,177,195,185,189,201,203,171,200
208,190,210,191,175,188,199,186,170,198,206,192,197,177,202,184,172
189
188
51,196,209,177,201,203
208,190,210,182,191,175,188,199,51,186,183,170,198,206,192,197,177,181,204,202,184,172
189
188,172
207,187,193,51,212,211,196,194,180,209,195,201,178,203,179,200
188,187,180,52,53,178,179,172
173,182,54,51,186,183,174,177,181,189
208,190,210,182,191,199,51,186,183,198,206,192,197,177,181,202
207,176,187,193,51,212,211,196,194,180,209,195,185,205,201,178,203,179,171,200
208,190,210,182,191,175,199,51,186,183,170,198,206,192,197,177,181,204,202,184
207,176,187,193,51,212,211,196,194,180,209,195,185,205,201,178,203,179,171,200
207,173,176,54,193,51,212,211,196,194,174,209,195,185,189,205,201,203,171,200
208,190,210,191,175,188,199,170,198,206,192,52,53,197,204,202,184,172
187,180,52,53,178,179,172
173,182,54,51,186,183,174,177,181
173,182,54,51,186,183,174,177,181
173,186,180,174,177
186,180,172
51,183
51,183
51,183
208,190,210,191,188,199,186,198,206,192,197,177,181,202,172
207,173,187,193,212,211,196,194,180,174,209,177,195,189,201,178,203,200
173,174,177
172
208,190,210,182,191,199,51,186,183,198,206,192,197,177,181,202
208,190,210,191,188,199,186,198,206,192,197,177,202,172
207,173,187,193,212,211,196,194,174,209,177,189,203
191,212,198,174,195
173,187,193,211,196,194,180,189,178,200
190,210,191,188,199,51,186,198,192,197,177,172
189
188
208,190,210,191,175,188,199,186,170,198,206,192,197,177,202,184,172
173,186,180,174,177
186,180,172
173,186,180,174,177
173,186,180,174,177
186,180,172
207,173,176,187,193,212,211,196,194,174,209,177,195,185,189,201,203,171,200
208,190,210,191,175,188,199,186,170,198,206,192,197,177,202,184,172
207,173,187,193,51,212,211,196,194,180,174,209,177,195,189,201,178,203,200
208,190,210,191,188,199,51,186,198,206,192,197,177,202,172
207,173,187,193,212,211,196,194,180,174,209,177,195,189,201,178,203,200
208,190,210,191,188,199,186,198,206,192,197,177,181,202,172
207,173,187,193,212,211,196,194,174,209,177,195,189,201,203,200
208,190,210,191,188,199,186,198,206,192,197,177,202,172
207,173,187,193,51,212,211,196,194,180,174,209,177,195,189,201,178,203,179,200
208,190,210,182,191,188,199,51,186,183,198,206,192,197,177,181,202,172
242
241
257
207,54,51,209,189,201,203,200
207,173,176,187,193,212,211,196,194,174,209,177,195,185,189,201,203,171,200
208,190,210,191,175,188,199,186,170,198,206,192,197,177,202,184,172
189
176,180,185,205,178,203,171
176,180,185,205,178,203,171
175,170,181,204,202,184
175,170,181,204,202,184
175,170,202,184
176,185,203,171
176,185,203,171
176,185,203,171
175,170,202,184
176,185,203,171
175,170,202,184
175,170,202,184
175,170,181,204,202,184
176,180,185,205,178,203,171
173,193,212,211,196,194,174,195
190,210,191,192,172
207,173,176,187,193,212,211,196,194,174,209,177,195,185,189,201,203,171,200
207,173,176,187,193,212,211,196,194,174,209,177,195,185,189,201,203,171,200
208,190,210,191,175,188,199,186,170,198,206,192,197,177,202,184,172
187,180,52,53,178,179,172
173,182,54,51,186,183,174,177,181
187,180,52,53,178,179,172
330
330
330
330
208,190,210,191,188,199,186,170,198,206,192,197,202,184